Alfa romeo,Bilmerke,,,,,,
Brera,,,,,,,
1750 TBi,147kW,200hk,169kW,230hk,320Nm,375Nm,
2.0 JTD M-Jet,125kW,170hk,168kW,210hk,360Nm,420Nm,
2.4 JTD M-Jet 16V,147kW,200hk,178kW,242hk,400Nm,490Nm,
 , ,, ,, , ,
Giulietta,,,,,,,
1.4tjet,88kW,120hk,111kW,151hk,200Nm,260Nm,
1.4tjet,125kW,170hk,149kW,203hk,250Nm,300Nm,
1750 TBi,173kW,235hk,195kW,265hk,340Nm,410Nm,
"1,6 JTD M-Jet",77kW,105hk,96kW,130hk,320Nm,400Nm,
2.0 JTD M-Jet,100kW,136hk,168kW,210hk,350Nm,460Nm,
2.0 JTD M-Jet,103kW,140hk,129kW,177hk,320Nm,415Nm,
2.0 JTD M-Jet,125kW,170hk,168kW,210hk,360Nm,460Nm,
 , ,, ,, , ,
MiTo,,,,,,,
1.4tjet,88kW,120hk,111kW,151hk,200Nm,260Nm,
1.4tjet,90kW,135hk,125kW,170hk,206Nm,268Nm,
1.4tjet,114kW,155hk,137kW,185hk,230Nm,287Nm,
"1,6 JTD M-Jet",77kW,105hk,96kW,130hk,320Nm,400Nm,
 , ,, ,, , ,
145,,,,,,,
1.9 JTD,77kW,105hk,100kW,136hk,255Nm,290Nm,
 , ,, ,, , ,
146,,,,,,,
1.9 JTD,77kW,105hk,100kW,136hk,255Nm,290Nm,
 , ,, ,, , ,
147,,,,,,,
1.9 JTD 8V,74 kW,100hk,99 kW,135hk,200Nm,270Nm,
1.9 JTD 8V,81kW,110hk,103kW,140hk,275Nm,330Nm,
1.9 JTD 8V,85kW,115hk,103kW,140hk,275Nm,330Nm,
1.9 JTD M-Jet 16V,103kW,140hk,125kW,170hk,305Nm,360Nm,
1.9 JTD M-Jet 16V,110kW,150hk,136kW,185hk,305Nm,385Nm,
 , ,, ,, , ,
156,,,,,,,
1.9 JTD 8V,77kW,105hk,100kW,136hk,255Nm,290Nm,
1.9 JTD 8V,81kW,110hk,103kW,140hk,270Nm,330Nm,
1.9 JTD 8V,85kW,115hk,103kW,140hk,275Nm,330Nm,
1.9 JTD M-Jet 16V,103kW,140hk,125kW,170hk,320Nm,385Nm,
1.9 JTD Q4,110kW,150hk,132kW,180hk,305Nm,360Nm,
2.4 JTD,100kW,136hk,122kW,166hk,310Nm,355Nm,
2.4JTD 10V,103kW,140hk,125kW,170hk,304Nm,380Nm,
2.4JTD 10V,110kW,150hk,132kW,180hk,304Nm,380Nm,
2.4 JTD M-Jet 20V,129kW,175hk,153kW,208hk,385Nm,410Nm,
 , ,, ,, , ,
159,,,,,,,
1750 TBi,147kW,200hk,169kW,230hk,320Nm,375Nm,
1.9 JTS,118kW,160hk,127kW,173hk,190Nm,217Nm,
1.9 JTD M-Jet 8V,88kW,120hk,112kW,152hk,280Nm,365Nm,
1.9 JTD M-Jet 16V,110kW,150hk,136kW,185hk,320Nm,390Nm,
2.0 JTD M-Jet,100kW,136hk,168kW,210hk,350Nm,460Nm,
2.0 JTD M-Jet,125kW,170hk,168kW,210hk,360Nm,460Nm,
2.4 JTD M-Jet 16V,147kW,200hk,178kW,242hk,400Nm,490Nm,
 , ,, ,, , ,
166,,,,,,,
2.4 JTD,100kW,136hk,122kW,166hk,310Nm,355Nm,
2.4JTD 10V,103kW,140hk,125kW,170hk,304Nm,380Nm,
2.4JTD 10V,110kW,150hk,132kW,180hk,304Nm,380Nm,
2.4JTD 20V,110kW,150hk,136kW,185hk,305Nm,385Nm,
2.4 JTD M-Jet 20V,129kW,175hk,153kW,208hk,385Nm,410Nm,
 , ,, ,, , ,
GT,,,,,,,
1.9 JTD M-Jet 8V,110kW,150hk,136kW,185hk,305Nm,385Nm,
1.9 JTD M-Jet 16V,110kW,150hk,136kW,185hk,305Nm,385Nm,
 , ,, ,, , ,
GTV,,,,,,,
2.0TS,110kW,150hk,121kW,165hk,Nm,+24Nm,
2.0T,150kW,204hk,169kW,230hk,310Nm,350Nm,
 , ,, ,, , ,
GTV,,,,,,,
1.9 JTD M-Jet 16V,103kW,140hk,125kW,170hk,320Nm,385Nm,
2.4 JTD M-Jet 20V,129kW,175hk,153kW,208hk,385Nm,410Nm,
 , ,, ,, , ,
,,,,,,,
,,,,,,,
Audi,bilmerke,,,,,,
80,,,,,,,
1.9 TDI (92-95),66kW,90hk,88kW,120hk,182Nm,248Nm,
1.9 TDI 94-,66kW,90hk,88kW,120hk,202Nm,261Nm,
 , , , , , , ,
100,,,,,,,
2.5 TDI (92-95),85kW,115hk,110kW,150hk,265Nm,303Nm,
2.5 TDI,103kW,140hk,128kW,174hk,290Nm,330Nm,
 , , , , , , ,
A1,,,,,,,
1.2 TFSI,63kW,86hk,90kW,122hk,165Nm,191Nm,
1.2 TFSI,77kW,105hk,97kW,132hk,175Nm,218Nm,
1.6 TDI,66kW,90hk,99kW,135hk,230Nm,310Nm,
1.6 TDI,77kW,105hk,99kW,135hk,250Nm,310Nm,
 , , , , , , ,
A2,,,,,,,
1.4i FSI,55kW,75hk,64kW,88hk,126Nm,141Nm,
1.6 FSI,81kW,110hk,92kW,125hk,155Nm,171Nm,
1.2PD etter (01-05),45kW,61hk,64kW,87hk,140Nm,185Nm,
1.4 TDI etter 2000,55kW,75hk,74kW,100hk,195Nm,245Nm,
1.4 TDI etter 2001,66kW,90hk,88kW,120hk,230Nm,288Nm,
 , , , , , , ,
S2 & RS2,,,,,,,
S2 230hk,169kW,230hk,205kW,279hk,350Nm,420Nm,
RS2 316hk,232kW,316hk,257kW,355hk,410Nm,465Nm,
 , , , , , , ,
A3,,,,,,,
1.4 TFSI (09-..),92kW,125hk,110kW,149hk,200Nm,247Nm,
1.6 FSI,85kW,115hk,95kW,129hk,155Nm,174Nm,
1.8 Turbo 97-03,110kW,150hk,140kW,195hk,210Nm,265Nm,
1.8 Turbo 98-03,110kW,150hk,140kW,195hk,210Nm,265Nm,
1.8 Turbo 99-03,132kW,180hk,154kW,225hk,235Nm,295Nm,
2.0 FSI,110kW,150hk,125kW,170hk,200Nm,225Nm,
2.0 TFSI Turbo,147kW,200hk,184kW,250hk,280Nm,352Nm,
3.2 VR6,177kW,241hk,198kW,270hk,320Nm,358Nm,
1.6 TDI 5gir (2009-..),66kW,90hk,90kW,122hk,230Nm,275Nm,
1.6 TDI,77kW,105hk,97kW,132hk,250Nm,300Nm,
1.9 TDI før 2001,66kW,90hk,85kW,120hk,210Nm,251Nm,
1.9 TDI etter 2001,66kW,90hk,85kW,120hk,210Nm,251Nm,
1.9 TDI,74kW,100hk,99kW,135hk,240Nm,300Nm,
1.9 TDI før 2005 EDC15,77kW,105hk,103kW,140hk,250Nm,310Nm,
1.9 TDI etter 2005 EDC16,77kW,105hk,103kW,140hk,250Nm,310Nm,
1.9 TDI før 2001,81kW,110hk,106kW,148hk,235Nm,288Nm,
1.9 TDI etter 2001,81kW,110hk,106kW,148hk,235Nm,288Nm,
1.9 TDI før 2005,85kW,115hk,110kW,150hk,285Nm,340Nm,
1.9 TDI fra 2005,85kW,115hk,110kW,150hk,285Nm,340Nm,
1.9 TDI,96kW,130hk,121kW,165hk,310Nm,380Nm,
2.0 TDI,103kW,140hk,136kW,185hk,320Nm,410Nm,
2.0 TDI,120kW,163hk,147kW,200hk,350Nm,420Nm,
2.0 TDI,125kW,170hk,150kW,205hk,350Nm,420Nm,
 , , , , , , ,
S3,,,,,,,
S3 1.8t 210hk (99-03),154kW,210hk,177kW,240hk,270Nm,350Nm,
S3 1.8t 225 hk (01-04),165kW,225hk,184kW,250hk,280Nm,330Nm,
S3 2.0 TFSI,195kW,265 hk,229kW,311hk,350Nm,410Nm,
 , , , , , , ,
A4,,,,,,,
1.8 TFSI turbo (2008-....) steg 1,88kW,120hk,118kW,160hk,230Nm,250Nm,
1.8 TFSI turbo (2008-....) steg 2,88kW,120hk,155kW,210hk,230Nm,310Nm,
1.8 Turbo,110kW,150hk,140kW,195hk,210Nm,265Nm,
1.8 TFSI turbo (2008-....),118kW,160hk,154kW,210hk,250Nm,310Nm,
1.8 Turbo,120kW,163hk,152kW,207hk,225Nm,295Nm,
1.8 Turbo,132kW,180hk,155kW,210hk,235Nm,295Nm,
1.8T 20V,140kW,190hk,162kW,220hk,235Nm,295Nm,
2.0 i,96kW,130hk,107kW,145hk,195Nm,218Nm,
2.0 TFSI,125kW,170hk,154kW,210hk,280Nm,370Nm,
2.0 TFSI Turbo (2008-....),132kW,180hk,158kW,215hk,320Nm,385Nm,
2.0 TFSI Turbo,147kW,200hk,184kW,250hk,280Nm,352Nm,
2.0 TFSI Turbo (2008-....),155kW,211hk,191kW,260hk,350Nm,425Nm,
2.0 TFSI Turbo DTM,162kW,220hk,184kW,250hk,300Nm,350Nm,
"2,4 bensin (97-99)",120kW,163hk,132kW,179hk,230Nm,255Nm,
"2,4 bensin (99-04)",120kW,163hk,132kW,179hk,230Nm,255Nm,
"2,4 bensin (04-..)",130kW,177hk,146kW,198hk,230Nm,255Nm,
1.6 TDI 5gir (2009-..),66kW,90hk,90kW,122hk,230Nm,275Nm,
1.6 TDI,77kW,105hk,97kW,132hk,250Nm,300Nm,
1.9 TDI før 2001,66kW,90hk,85kW,120hk,210Nm,251Nm,
1.9 TDI etter 2001,66kW,90hk,85kW,120hk,202Nm,251Nm,
1.9 TDI,74kW,100hk,99kW,135hk,240Nm,300Nm,
1.9 TDI,77kW,105hk,103kW,140hk,250Nm,310Nm,
1.9 TDI før 2001,81kW,110hk,106kW,148hk,235Nm,288Nm,
1.9 TDI etter 2001,81kW,110hk,106kW,148hk,235Nm,288Nm,
1.9 TDI før 2005,85kW,115hk,110kW,150hk,285Nm,340Nm,
1.9 TDI fra 2005,85kW,115hk,110kW,150hk,285Nm,340Nm,
1.9 TDI (2009-....),88kW,120hk,106kW,144hk,290Nm,348Nm,
1.9 TDI,96kW,130hk,121kW,165hk,285Nm,380Nm,
1.9 TDI,96kW,130hk,121kW,165hk,310Nm,380Nm,
2.0 TDI,103kW,140hk,122kW,185hk,320Nm,410Nm,
2.0 TDI (2008-....),105kW,143hk,132kW,180hk,320Nm,390Nm,
2.0 TDI,125kW,170hk,150kW,205hk,350Nm,420Nm,
2.0 TDI 2012-,130kW,177hk,147kW,200hk,380Nm,435Nm,
2.0 TDI (2008-....),125kW,170hk,150kW,205hk,350Nm,425Nm,
2.5 TDI,110kW,150hk,140kW,190hk,310Nm,395Nm,
2.5 TDI,114kW,155hk,143kW,195hk,310Nm,395Nm,
2.5 TDI,120kW,163hk,152kW,207hk,310Nm,390Nm,
2.5 TDI,132kW,180hk,154kW,210hk,370Nm,450Nm,
2.7 TDI (2008-....),140kW,190hk,171kW,233hk,400Nm,465Nm,
3.0 TDI,150kW,204hk,180kW,245hk,450Nm,533Nm,
3.0 TDI (2008-....),176kW,240hk,212kW,289hk,500Nm,600Nm,
 , , , , , , ,
S4& RS4,,,,,,,
"S4 2,7t 265hk",195kW,265hk,227kW,309hk,400Nm,480Nm,
"RS4 2,7t 380hk",280kW,380hk,313kW,426hk,484Nm,570Nm,
 , , , , , , ,
A5 / S5,,,,,,,
1.8 TFSI,125kW,170hk,154kW,210hk,250Nm,310Nm,
2.0 TFSI Turbo (2008-....),132kW,180hk,158kW,215hk,320Nm,385Nm,
2.0 TFSI Turbo (2008-....),155kW,211hk,191kW,260hk,350Nm,425Nm,
2.0 TDI DPF (08-..),125kW,170hk,150kW,205hk,350Nm,420Nm,
2.7 TDI DPF (08-..),120kW,163hk,171kW,233hk,400Nm,465Nm,
2.7 TDI DPF (08-..),140kW,190hk,165kW,225hk,400Nm,480Nm,
3.0 TDI,176kW,240hk,212kW,289hk,500Nm,600Nm,
 , , , , , , ,
A6 / Allroad,,,,,,,
"1,8 bensin (97-99)",92kW,125hk,101kW,137hk,163Nm,183Nm,
1.8 Turbo,110kW,150hk,140kW,195hk,210Nm,265Nm,
1.8 Turbo,110kW,150hk,140kW,195hk,210Nm,265Nm,
1.8 Turbo,132kW,180hk,155kW,210hk,235Nm,295Nm,
1.8 Turbo,132kW,180hk,155kW,210hk,235Nm,295Nm,
2,96kW,130hk,105kW,143hk,195Nm,215Nm,
2.0 TFSI,125kW,170hk,154kW,210hk,280Nm,370Nm,
2.0 TFSI Turbo (2008-....),155kW,211hk,191kW,260hk,350Nm,425Nm,
3.2 FSI,188kW,255hk,202kW,275hk,320Nm,350Nm,
"2,4 bensin (97-99)",120kW,163hk,132kW,179hk,230Nm,255Nm,
"2,4 bensin (99-04)",120kW,163hk,132kW,179hk,230Nm,255Nm,
"2,4 bensin (04-..)",130kW,177hk,146kW,198hk,230Nm,255Nm,
2.7 Turbo automat,169kW,230hk,200kW,274hk,310Nm,386Nm,
2.7 Turbo manuell,169kW,230hk,200kW,274hk,310Nm,386Nm,
2.7 Turbo automat,184kW,250hk,215kW,294hk,350Nm,470Nm,
2.7 Turbo manuell,184kW,250hk,215kW,294hk,350Nm,470Nm,
2.8 V6 30V (97-99.),142kW,193hk,153kW,208hk,280Nm,314Nm,
2.8 V6 30V (99-04),142kW,193hk,153kW,208hk,280Nm,314Nm,
3.0 V6 30V (01-04),162kW,220hk,176kW,240hk,300Nm,330Nm,
3.7 V8 40V (99-04),191kW,260hk,206kW,280hk,350Nm,380Nm,
4.2 V8 40V (99-04),220kW,300hk,235kW,320hk,400Nm,430Nm,
1.9 TDI før 2001,66kW,90hk,85kW,120hk,210Nm,251Nm,
1.9 TDI etter 2001,66kW,90hk,87kW,118hk,202Nm,265Nm,
1.9 TDI før 2001,81kW,110hk,106kW,148hk,235Nm,288Nm,
1.9 TDI etter 2001,81kW,110hk,106kW,148hk,235Nm,288Nm,
1.9 TDI,85kW,115hk,110kW,150hk,285Nm,355Nm,
1.9 TDI,96kW,130hk,121kW,165hk,285Nm,360Nm,
1.9 TDI,110kW,150hk,140kW,195hk,210Nm,265Nm,
2.0 TDI (04-..),103kW,140hk,136kW,185hk,320Nm,410Nm,
2.0 TDI,125kW,170hk,150kW,205hk,350Nm,420Nm,
2.5 TDI (R5)(94-97),85kW,115hk,110kW,150hk,265Nm,325Nm,
2.5 TDI (R5)(95-98),103kW,140hk,128kW,170hk,290Nm,350Nm,
2.5 TDI V6 (før 2001) manuell,110kW,150hk,140kW,190hk,310Nm,395Nm,
2.5 TDI V6 (01-04) manuell,110kW,150hk,140kW,190hk,310Nm,395Nm,
2.5 TDI V6 (01-04) manuell,114kW,155hk,140kW,190hk,310Nm,395Nm,
2.5 TDI V6 (98-04) manuell,120kW,163hk,152kW,207hk,325Nm,395Nm,
2.5 TDI V6 (98-04) manuell,132kW,180hk,154kW,225hk,335Nm,395Nm,
2.7 TDI V6 (04-..),132kW,180hk,160kW,218hk,380Nm,451Nm,
2.7 TDI DPF,140kW,190hk,165kW,225hk,400Nm,480Nm,
3.0 TDI V6 (04-..),155kW,211hk,198kW,270hk,450Nm,560Nm,
3.0 TDI V6 (04-..),162kW,225hk,198kW,270hk,450Nm,550Nm,
3.0 TDI V6 (04-..),171kW,233hk,209kW,284hk,450Nm,560Nm,
3.0 TDI (2008-....),176kW,240hk,212kW,289hk,500Nm,600Nm,
 , , , , , , ,
S6 & RS6,,,,,,,
S6 2.3 T C4,169kW,230hk,199kW,270hk,350Nm,400Nm,
S6 4.2,250kW,340hk,261kW,355hk,410Nm,425Nm,
S6 4.2,265kW,360hk,276kW,375hk,430Nm,445Nm,
RS6 4.2 2002-,331kW,450hk,386kW,525hk,560Nm,650Nm,
 , , , , , , ,
A8,,,,,,,
3.7 V8 (2002-..),206kW,280hk,230kW,313hk,360Nm,390Nm,
4.2 V8 (2002-..),246kW,335hk,268kW,365hk,430Nm,460Nm,
2.5 TDI,110kW,150hk,131kW,195hk,310Nm,395Nm,
2.5 TDI,132kW,180hk,155kW,210hk,370Nm,450Nm,
3.0 TDI V8,171kW,233hk,192kW,261hk,450Nm,560Nm,
3.0 TDI V6 (04-..),162kW,225hk,195kW,266hk,450Nm,535Nm,
3.0 TDI V6 (04-..),162kW,233hk,195kW,266hk,450Nm,535Nm,
3.3 TDI V8,165kW,225hk,184kW,260hk,480Nm,570Nm,
4.0 TDI V8,202kW,275hk,255kW,347hk,650Nm,770Nm,
4.2 TDI V8,240kW,326hk,270kW,367hk,650Nm,740Nm,
 , , , , , , ,
Q5 / Q7,,,,,,,
2.0 TFSI Turbo (2008-....),155kW,211hk,191kW,260hk,350Nm,425Nm,
2.0 TDI (2008-....),125kW,170hk,150kW,205hk,350Nm,420Nm,
2.7 TDI,132kW,180hk,160kW,218hk,380Nm,451Nm,
2.7 TDI DPF (08-..),140kW,190hk,165kW,225hk,400Nm,480Nm,
3.0 TDI,162kW,225hk,195kW,266hk,450Nm,535Nm,
3.0 TDI,171kW,233hk,209kW,284hk,450Nm,560Nm,
3.0 TDI,176kW,240hk,212kW,289hk,500Nm,600Nm,
4.2 TDI,240kW,326hk,280kW,380hk,760Nm,820Nm,
 , , , , , , ,
TT,,,,,,,
1.8 Turbo,110kW,150hk,140kW,195hk,210Nm,260Nm,
1.8 Turbo (2008-....),118kW,160hk,154kW,210hk,250Nm,310Nm,
1.8 Turbo,120kW,163hk,146kW,198hk,225Nm,275Nm,
1.8 Turbo,132kW,180hk,154kW,225hk,235Nm,290Nm,
1.8 Turbo,140kW,190hk,160kW,218hk,240Nm,285Nm,
1.8 Turbo,165kW,225hk,184kW,265hk,280Nm,330Nm,
1.8 Turbo Roadster,132kW,180hk,154kW,225hk,235Nm,290Nm,
1.8 Turbo Roadster,165kW,225hk,184kW,265hk,280Nm,330Nm,
2.0 TFSI Turbo,147kW,200hk,184kW,250hk,280Nm,352Nm,
2.0 TFSI Turbo TTS,200kW,272hk,235kW,320hk,350Nm,420Nm,
3.2 FSI,184kW,250hk,202kW,275hk,320Nm,350Nm,
,,,,,,,
,,,,,,,
BMW,Bilmerke,,,,,,
116... 1 serie,,,,,,,
116i E87,85kW,115hk,94kW,128hk,150Nm,165Nm,
118i E87,95kW,129hk,107kW,144hk,180Nm,200Nm,
120i E87,110kW,150hk,93kW,168hk,200Nm,220Nm,
130i E87,195kW,265hk,93kW,295hk,315Nm,345Nm,
116d E87,66kW,90hk,107kW,145hk,260Nm,300Nm,
116d E87 normalversjon,85kW,115hk,107kW,145hk,260Nm,300Nm,
116d E87 powerverjon,85kW,115hk,117kW,160hk,260Nm,350Nm,
118d E87,90kW,122hk,110kW,150hk,280Nm,340Nm,
118d E87,100kW,136hk,132kW,180hk,300Nm,370Nm,
118d E87,105kW,144hk,132kW,180hk,300Nm,370Nm,
120d E87,120kW,163hk,145kW,197hk,340Nm,410Nm,
120d (2006-...),130kW,177hk,158kW,215hk,350Nm,410Nm,
123d,150kW,204hk,180kW,245hk,400Nm,480Nm,
 , , , , , , ,
320... 3 serie,,,,,,,
316i E36 (1991-1998),75kW,102hk,86kW,117hk,150Nm,175Nm,
316i E46 (1999-2005),77kW,105hk,88kW,120hk,165Nm,180Nm,
316i,85kW,115hk,94kW,128hk,150Nm,165Nm,
316i E90,90kW,122hk,97kW,132hk,160Nm,176Nm,
318i E36 (1991-1998),85kW,115hk,97kW,132hk,168Nm,193Nm,
318iS E36 (1991-1998),103kW,140hk,118kW,160hk,175Nm,191Nm,
318i E46 (1999-2005),87kW,118hk,96kW,131hk,180Nm,200Nm,
318i E90 (2006-....),105kW,143hk,115kW,157hk,190Nm,216Nm,
320i E36 (1991-1998),95kW,129hk,104kW,142hk,164Nm,180Nm,
320i E36 (1991-1998),110kW,150hk,121kW,165hk,190Nm,210Nm,
320i E46 (1999-2005),125kW,170hk,138kW,187hk,210Nm,235Nm,
320i E90 (2006 - ...),110kW,150hk,93kW,168hk,200Nm,220Nm,
320i E90 (2006-....),125kW,170hk,138kW,187hk,210Nm,235Nm,
323i E36 (1991-1998),125kW,170hk,140kW,190hk,245Nm,270Nm,
323i E46 (1998-2003),125kW,170hk,140kW,190hk,245Nm,270Nm,
325i E36 (1991-1998),141kW,192hk,154kW,210hk,245Nm,275Nm,
325i E46 (1999-2005),141kW,192hk,154kW,210hk,245Nm,275Nm,
328i E36 (1991-1998),142kW,193hk,154kW,210hk,280Nm,305Nm,
328i E46 (1999-2005),142kW,193hk,154kW,210hk,280Nm,305Nm,
330i E46 (1999-2005),170kW,231hk,185kW,243hk,300Nm,330Nm,
M3 3.0 E36 1992-1995,210kW,286hk,229kW,311hk,-Nm,+39Nm,
M3 3.2 E36 1996-1999,236kW,321hk,254kW,346hk,-Nm,+41Nm,
M3 3.2 E46 2000-2007,252kW,343hk,269kW,366hk,365Nm,406Nm,
318 TDS E36,66kW,90hk,85kW,115hk,190Nm,249Nm,
318d (1999-2001),85kW,115hk,105kW,143hk,265Nm,325Nm,
318d 2002-2005,85kW,115hk,105kW,143hk,265Nm,325Nm,
318d,90kW,122hk,112kW,152hk,280Nm,340Nm,
318d (2002-2007),100kW,136hk,132kW,180hk,300Nm,370Nm,
318d (2008-...),100kW,136hk,132kW,180hk,300Nm,370Nm,
318d (2008-...,105kW,144hk,132kW,180hk,300Nm,370Nm,
320d E46 1999-2001,100kW,136hk,121kW,166hk,280Nm,355Nm,
320d E46 2001-2005,110kW,150hk,132kW,185hk,330Nm,390Nm,
320d E90 (2005 - ...),120kW,163hk,147kW,200hk,340Nm,400Nm,
320d E90 (2007-...),130kW,177hk,158kW,215hk,350Nm,410Nm,
320d E90 (2010 - ...),135kW,184hk,162kW,221hk,380Nm,450Nm,
324 TD E30,85kW,115hk,103kW,140hk,220Nm,262Nm,
325 TD E36,85kW,115hk,105kW,140hk,245Nm,285Nm,
325 TDS E36,105kW,143hk,125kW,170hk,260Nm,330Nm,
325d E90 3L (2005-..).,145kW,197hk,154kW,237hk,400Nm,500Nm,
330d E46 1999-2003,135kW,184hk,159kW,220hk,390Nm,510Nm,
330d E46 2004-2005,150kW,204hk,169kW,255hk,410Nm,550Nm,
330d E90 (2005-2008),170kW,231hk,206kW,280hk,500Nm,600Nm,
330d E90 (2008 -....),180kW,245hk,217kW,295hk,520Nm,620Nm,
335d E90 (2005-....),210kW,286hk,336kW,347hk,580Nm,710Nm,
 ,,,,,,,
520... 5 serie,,,,,,,
520i E39 (1996-01),110kW,150hk,121kW,165hk,190Nm,210Nm,
520i E39 (2000-05),125kW,170hk,138kW,187hk,210Nm,235Nm,
520i E60 (2003-..),125kW,170hk,138kW,187hk,210Nm,235Nm,
523i E39 (1996-03),125kW,170hk,140kW,190hk,245Nm,270Nm,
525i E39 (2000-04),141kW,192hk,154kW,210hk,245Nm,275Nm,
525i E60 (2003-..),141kW,192hk,154kW,210hk,245Nm,275Nm,
528i E39 (1996-03),142kW,193hk,154kW,210hk,280Nm,305Nm,
530i E34,138kW,188hk,151kW,205hk,260Nm,310Nm,
530i E39 (2000-03),170kW,231hk,185kW,243hk,300Nm,330Nm,
530i E60 (2003-..),170kW,231hk,185kW,251hk,300Nm,332Nm,
535i E39 (1996-98),173kW,235hk,188kW,255hk,320Nm,355Nm,
535i E39 (1999-03),180kW,245hk,195kW,265hk,345Nm,380Nm,
540i E39 (1996-98),210kW,286hk,229kW,311hk,420Nm,452Nm,
540i E39 (1999-03),210kW,286hk,229kW,311hk,440Nm,472Nm,
545i E60 (2003-..),245kW,333hk,258kW,351hk,450Nm,476Nm,
M5 E39 (1999-01),294kW,400hk,320kW,435hk,500Nm,548Nm,
520d E39,100kW,136hk,121kW,166hk,280Nm,335Nm,
520d E60,120kW,163hk,149kW,202hk,340Nm,400Nm,
520d E60 face lift (2007-2010),120kW,163hk,158kW,215hk,350Nm,410Nm,
520d E60 face lift (2007-2010),130kW,177hk,158kW,215hk,350Nm,410Nm,
520d F10 (2010 - ...),120kW,163hk,162kW,221hk,380Nm,450Nm,
520d F10 (2010 - ...),135kW,184hk,162kW,221hk,380Nm,450Nm,
524 TD E34 (1988-91),85kW,115hk,103kW,140hk,220Nm,262Nm,
525 TD E34 (1991-95),85kW,115hk,103kW,140hk,220Nm,262Nm,
525 TDS E34,105kW,143hk,125kW,170hk,260Nm,330Nm,
525 TDS E39,105kW,143hk,125kW,170hk,280Nm,330Nm,
525d E39,120kW,163hk,140kW,190hk,350Nm,410Nm,
525d E60,120kW,163hk,154kW,210hk,400Nm,480Nm,
525d E60,130kW,177hk,154kW,210hk,400Nm,480Nm,
525d E60 3L.,145kW,197hk,174kW,237hk,400Nm,500Nm,
325d F10 (2010-..).,150kW,204hk,179kW,244hk,450Nm,540Nm,
530d E39,135kW,184hk,161kW,220hk,390Nm,510Nm,
530d E39,142kW,193hk,169kW,230hk,410Nm,510Nm,
530d E60,160kW,218hk,180kW,260hk,500Nm,610Nm,
530d E60,170kW,231hk,199kW,270hk,500Nm,610Nm,
530d F10 (2010-..),180kW,245hk,204kW,278hk,540Nm,650Nm,
530d E60,200kW,272hk,235kW,320hk,560Nm,650Nm,
535d E60,210kW,286hk,336kW,347hk,580Nm,710Nm,
 , , , , , , ,
6 serie,,,,,,,
645i,190kW,258hk,203kW,276hk,300Nm,322Nm,
645i,245kW,333hk,269kW,353hk,450Nm,472Nm,
 , , , , , , ,
7 serie,,,,,,,
728i E38,142kW,193hk,154kW,210hk,280Nm,305Nm,
730i E38,160kW,218hk,178kW,243hk,290Nm,322Nm,
730i E65 (2003-..),170kW,231hk,185kW,243hk,300Nm,330Nm,
735i E38,173kW,235hk,188kW,255hk,320Nm,355Nm,
735i E38,175kW,238hk,190kW,258hk,345Nm,380Nm,
735i E65 (2002- ...),200kW,272hk,218kW,297hk,360Nm,395Nm,
740i E38 1996,210kW,286hk,229kW,311hk,440Nm,472Nm,
740i E38 (1996-98),210kW,286hk,229kW,311hk,420Nm,452Nm,
740i E38 (1999-01),210kW,286hk,229kW,311hk,440Nm,472Nm,
740i E38 (1999-01),240kW,326hk,256kW,348hk,490Nm,525Nm,
745i E65 (2002-..),245kW,333hk,258kW,351hk,450Nm,476Nm,
745i E65 (2002-..),327kW,445hk,346kW,470hk,600Nm,632Nm,
725 TDS E38,105kW,143hk,125kW,170hk,280Nm,330Nm,
730d E38,135kW,184hk,161kW,220hk,390Nm,510Nm,
730d E38,142kW,193hk,165kW,225hk,410Nm,510Nm,
730d E65,160kW,218hk,180kW,260hk,500Nm,610Nm,
730d E 65,170kW,231hk,199kW,270hk,500Nm,591Nm,
740d E38,175kW,238hk,202kW,275hk,560Nm,620Nm,
740d E38,180kW,245hk,200kW,280hk,560Nm,635Nm,
740d E65,190kW,258hk,213kW,290hk,600Nm,660Nm,
745d E65,220kW,300hk,258kW,350hk,700Nm,800Nm,
745d,242kW,329hk,271kW,369hk,750Nm,830Nm,
 , , , , , , ,
X1,,,,,,,
18d,100kW,136hk,132kW,180hk,320Nm,390Nm,
20d,120kW,163hk,145kW,197hk,350Nm,420Nm,
23d,150kW,204hk,180kW,245hk,400Nm,480Nm,
 , , , , , , ,
X3,,,,,,,
"X3 2,5i",141kW,192hk,154kW,210hk,245Nm,275Nm,
"X3 3,0i",170kW,231hk,185kW,251hk,300Nm,332Nm,
X3 2.0d,110kW,150hk,135kW,184hk,330Nm,390Nm,
X3 2.0d (2006-...),130kW,177hk,158kW,215hk,350Nm,410Nm,
X3 3.0d,150kW,204hk,169kW,255hk,410Nm,550Nm,
X3 3.0d,160kW,218hk,180kW,260hk,500Nm,600Nm,
 , , , , , , ,
X5,,,,,,,
"X5 3,0i",170kW,231hk,185kW,243hk,300Nm,330Nm,
"X5 4,4i",210kW,286hk,229kW,311hk,440Nm,472Nm,
"X5 4,4i",235kW,320hk,253kW,345hk,440Nm,472Nm,
"X5 4,6i",255kW,347hk,253kW,372hk,440Nm,472Nm,
"X5 4,8i",265kW,360hk,253kW,385hk,500Nm,535Nm,
X5 3.0d E53,135kW,184hk,159kW,216hk,410Nm,510Nm,
X5 3.0d E53,142kW,193hk,165kW,225hk,410Nm,510Nm,
X5 3.0d E53,160kW,218hk,180kW,260hk,500Nm,600Nm,
X5 3.0d E70 2007->2010,155kW,211hk,203kW,280hk,520Nm,600Nm,
X5 3.0d E70 2010->,155kW,211hk,218kW,300hk,540Nm,600Nm,
X5 3.0d E70 2007->2010,173kW,235hk,203kW,280hk,520Nm,600Nm,
X5 3.0d E70 2010->2011,173kW,245hk,218kW,300hk,540Nm,600Nm,
X5 3.0d E70 2012->2013,173kW,245hk,206kW,280hk,520Nm,580Nm,
X5 3.0d F15 2014->,173kW,245hk,206kW,280hk,520Nm,580Nm,
X5 3.5d E70 2007->2010,210kW,286hk,250kW,340hk,580Nm,680Nm,
 , , , , , , ,
X6,,,,,,,
X6 3.0d E71 dpf,173kW,235hk,199kW,270hk,510Nm,600Nm,
X6 3.0d E71 dpf,210kW,286hk,243kW,330hk,580Nm,680Nm,
 , , , , , , ,
Z3,,,,,,,
Z3 1.8,85kW,115hk,93kW,126hk,168Nm,185Nm,
Z3 1.9,103kW,140hk,110kW,151hk,180Nm,196Nm,
Z3 2.0 99-00,110kW,150hk,121kW,166hk,190Nm,210Nm,
Z3 2.2,125kW,170hk,133kW,181hk,210Nm,231Nm,
Z1 2.5,125kW,170hk,136kW,185hk,222Nm,243Nm,
Z3 2.8 97-98,142kW,193hk,151kW,205hk,280Nm,310Nm,
Z3 3.0,170kW,231hk,181kW,243hk,300Nm,330Nm,
 , , , , , , ,
Z4,,,,,,,
Z4 2.2 Roadster,125kW,170hk,133kW,181hk,210Nm,231Nm,
Z4 2.5 Roadstar,141kW,192hk,153kW,208hk,245Nm,270Nm,
Z4 2.5 Roadster,150kW,204hk,162kW,220hk,250Nm,275Nm,
Z4 3.0 Roadster,170kW,231hk,181kW,246hk,300Nm,321Nm,
 , , , , , , ,
Z8,,,,,,,
Z8 5.0 Roadster,294kW,400hk,312kW,425hk,500Nm,520Nm,
 , , , , , , ,
Chrysler,bilmerke,,,,,,
PT Cruiser,,,,,,,
2.2 CRD,89kW,121hk,114kW,155hk,300Nm,350Nm,
 , ,, ,, , ,
Voyager,,,,,,,
2.5 CRD,103kW,140hk,121kW,165hk,320Nm,390Nm,
2.5 CRD,105kW,143hk,129kW,175hk,320Nm,390Nm,
2.8 CRD,110kW,150hk,132kW,180hk,360Nm,430Nm,
 , ,, ,, , ,
300C,,,,,,,
3.0 CRD,160kW,218hk,190kW,258hk,510Nm,600Nm,
,,,,,,,
,,,,,,,
Citroen,bilmerke,,,,,,
C1,,,,,,,
1.4 HDI,40kW,54hk,58kW,79hk,130Nm,190Nm,
 , ,, ,, , ,
C2,,,,,,,
1.1 i (2003-....),44kW,60hk,49kW,67hk,94Nm,105Nm,
1.4 i (2003-....),55kW,75hk,62kW,84hk,120Nm,135Nm,
1.6 i (2003-....),80kW,109hk,90kW,122hk,142Nm,159Nm,
1.6 i (2003-....),90kW,122hk,101kW,137hk,147Nm,165Nm,
1.4 HDI,50kW,68hk,68kW,92hk,150Nm,200Nm,
 , ,, ,, , ,
C3,,,,,,,
1.1 i (2002-....),44kW,60hk,49kW,67hk,94Nm,105Nm,
1.4 i (2002-....),55kW,75hk,62kW,84hk,120Nm,135Nm,
1.4 i 16V(2002-....),65kW,88hk,73kW,99hk,133Nm,149Nm,
1.6 i (2002-....),80kW,109hk,90kW,122hk,142Nm,159Nm,
1.6 i (2002-....),90kW,122hk,101kW,137hk,147Nm,165Nm,
1.4 HDI,66kW,90hk,85kW,115hk,200Nm,248Nm,
1.6 HDI 2011-..,68kW,92hk,92kW,125hk,230Nm,290Nm,
 , ,, ,, , ,
C4,,,,,,,
1.4 i 16V,65kW,88hk,73kW,99hk,133Nm,149Nm,
1.6 i,80kW,109hk,90kW,122hk,142Nm,159Nm,
2.0 i,99kW,136hk,113kW,153hk,190Nm,213Nm,
2.0 i,103kW,140hk,115kW,157hk,195Nm,218Nm,
2.0 i,130kW,177hk,146kW,198hk,202Nm,226Nm,
1.6 HDI,66kW,90hk,85kW,115hk,215Nm,265Nm,
1.6 HDI 2011-..,68kW,92hk,85kW,116hk,230Nm,290Nm,
1.6 HDI,80kW,109hk,100kW,140hk,240Nm,320Nm,
1.6 HDI 2011-..,82kW,112hk,106kW,145hk,270Nm,340Nm,
2.0 HDI,99kW,136hk,125kW,170hk,320Nm,380Nm,
2.0 HDI 16V (2008-..),101kW,138hk,126kW,172hk,320Nm,380Nm,
 , ,, ,, , ,
C5 / C6,,,,,,,
2.0 i,99kW,136hk,113kW,153hk,190Nm,213Nm,
2.0 i,103kW,140hk,115kW,157hk,195Nm,218Nm,
2.0 i,130kW,177hk,146kW,198hk,202Nm,226Nm,
3.0 i,152kW,207hk,180kW,232hk,285Nm,319Nm,
1.6 HDI,66kW,90hk,85kW,115hk,215Nm,265Nm,
1.6 HDI,80kW,109hk,100kW,140hk,240Nm,320Nm,
1.6 HDI 2011-..,82kW,112hk,106kW,145hk,270Nm,340Nm,
2.0 HDI 8V,66kW,90hk,85kW,115hk,205Nm,253Nm,
2.0 HDI 16V,80kW,109hk,106kW,144hk,250Nm,315Nm,
2.0 HDI 16V,93kW,126hk,120kW,163hk,320Nm,380Nm,
2.0 HDI 16V,100kW,136hk,125kW,170hk,320Nm,380Nm,
2.0 HDI 16V (2008-..),101kW,138hk,126kW,172hk,320Nm,380Nm,
2.2 HDI,99kW,135hk,125kW,170hk,322Nm,420Nm,
2..2HDI biturbo,127kW,173hk,152kW,207hk,370Nm,444Nm,
2..7HDI,150kW,204hk,173kW,235hk,439Nm,562Nm,
 ,,,,,,,
C8,,,,,,,
2.0 HDI,79kW,107hk,106kW,144hk,270Nm,315Nm,
2.2 HDI,94kW,128hk,118kW,163hk,314Nm,374Nm,
 ,,,,,,,
Berlingo,,,,,,,
1.6 HDI,55kW,75hk,77kW,105hk,170Nm,220Nm,
1.6 HDI,66kW,90hk,85kW,115hk,215Nm,265Nm,
1.6 HDI 2011-..,68kW,92hk,85kW,116hk,230Nm,290Nm,
1.6 HDI 2011-..,82kW,112hk,106kW,145hk,270Nm,340Nm,
2.0 HDI 8V,66kW,90hk,85kW,115hk,205Nm,253Nm,
2.0 HDI 16V,80kW,109hk,100kW,136hk,250Nm,290Nm,
 , ,, ,, , ,
Evation,,,,,,,
2.0 HDI,80kW,109hk,100kW,136hk,250Nm,290Nm,
 , ,, ,, , ,
Jumper,,,,,,,
2.0 HDI,62kW,84hk,80kW,109hk,192Nm,245Nm,
2.2 HDI,75kW,101hk,96kW,130hk,240Nm,280Nm,
2.8 HDI,94kW,128hk,118kW,160hk,300Nm,380Nm,
 , ,, ,, , ,
Jumpy,,,,,,,
2.0 HDI 8V,69kW,94hk,89kW,121hk,215Nm,255Nm,
2.0 HDI 16V,80kW,109hk,100kW,136hk,250Nm,290Nm,
 , ,, ,, , ,
Xantia,,,,,,,
2.0 HDI 8V,66kW,90hk,85kW,115hk,205Nm,253Nm,
2.0 HDI 16V,80kW,109hk,100kW,136hk,250Nm,290Nm,
XM 2.5 TD,95kW,129hk,114kW,155hk,285Nm,315Nm,
 , ,, ,, , ,
Xara,,,,,,,
1.4 HDI,50kW,68hk,68kW,92hk,150Nm,200Nm,
1.6 HDI 16V,80kW,109hk,100kW,140hk,240Nm,320Nm,
2.0 HDI 8V,66kW,90hk,85kW,115hk,205Nm,253Nm,
2.0 HDI 16V,80kW,109hk,100kW,136hk,250Nm,290Nm,
 , ,, ,, , ,
Picasso,,,,,,,
1.6 HDI,66kW,90hk,85kW,115hk,215Nm,265Nm,
1.6 HDI 2011-..,68kW,92hk,85kW,116hk,230Nm,290Nm,
1.6 HDI,80kW,109hk,100kW,140hk,240Nm,320Nm,
1.6 HDI 2011-..,82kW,112hk,106kW,145hk,270Nm,340Nm,
2.0 HDI 8V,66kW,90hk,85kW,115hk,205Nm,253Nm,
2.0 HDI 16V,80kW,109hk,100kW,136hk,250Nm,290Nm,
2.0 HDI 16V (2008-..),101kW,138hk,126kW,172hk,320Nm,380Nm,
,,,,,,,
,,,,,,,
,,,,,,,
Fiat,bilmerke,,,,,,
Fiat 500,Ytelse,,Trimming,,Dreiemoment,,
1.2L har vi dessverre ingen løsning for,50kW,69hk,- kW,- hk,Nm,Nm,
1.3 JTD M-Jet 16V,55kW,75hk,74kW,100hk,145Nm,190Nm,
 , ,, ,, , ,
Brava / Bravo,Ytelse,,Trimming,,Dreiemoment,,
2.0 Turbo 16V,162kW,220hk,184kW,250hk,310Nm,370Nm,
1.9 JTD M-Jet 8V Trinn 1,66kW,90hk,88kW,120hk,255Nm,280Nm,
1.9 JTD M-Jet 8V Trinn 2,66kW,90hk,110kW,150hk,255Nm,330Nm,
1.9 JTD,74kW,100hk,99kW,135hk,200Nm,270Nm,
1.9 JTD,77kW,105hk,100kW,136hk,200Nm,290Nm,
1.9 JTD Euro3,81kW,110hk,100kW,136hk,210Nm,290Nm,
1.9 JTD M-Jet 8V,88kW,120hk,110kW,150hk,280Nm,330Nm,
 , ,, ,, , ,
Coupe,Ytelse,,Trimming,,Dreiemoment,,
2.0 Turbo 16V,142kW,193hk,169kW,230hk,280Nm,340Nm,
2.0 Turbo 20V,162kW,220hk,184kW,260hk,310Nm,370Nm,
 , ,, ,, , ,
Croma,Ytelse,,Trimming,,Dreiemoment,,
1.9 JTD M-Jet 8V,88kW,120hk,110kW,150hk,280Nm,330Nm,
1.9 JTD M-Jet 16V,110kW,150hk,132kW,180hk,320Nm,370Nm,
2.4 JTD M-Jet 20V,147kW,200hk,172kW,235hk,400Nm,460Nm,
 , ,, ,, , ,
Doblo / Cargo,Ytelse,,Trimming,,Dreiemoment,,
1.3 JTD 16V,51kW,70hk,72kW,90hk,145Nm,195Nm,
1.9 JTD,74kW,100hk,97kW,132hk,200Nm,290Nm,
1.9 JTD,77kW,105hk,100kW,136hk,200Nm,290Nm,
1.3 JTD M-Jet 16V,62kW,85hk,81kW,110hk,200Nm,250Nm,
1.9 JTD M-Jet,88kW,120hk,114kW,155hk,210Nm,260Nm,
2.0 JTD M-Jet,100kW,136hk,125kW,170hk,320Nm,400Nm,
 , ,, ,, , ,
Ducato,Ytelse,,Trimming,,Dreiemoment,,
2.0 JTD,62kW,84hk,80kW,109hk,192Nm,250Nm,
2.3 JTD,81kW,110hk,103kW,140hk,270Nm,320Nm,
2.3 JTD Multijet,95kW,130hk,118kW,160hk,Nm,+80Nm,
2.8 JTD 2000-2002,92kW,125hk,103kW,140hk,296Nm,287Nm,
2.8 JTD 2003-2006,93kW,126hk,110kW,150hk,300Nm,370Nm,
"100 Multijet 2,2",74kW,100hk,95kW,130hk,250Nm,320Nm,
"120 Multijet 2,3",88kW,120hk,110kW,150hk,320Nm,400Nm,
160 Multijet 3.0,115kW,157hk,143kW,195hk,400Nm,480Nm,
 , ,, ,, , ,
Grande Punto,Ytelse,,Trimming,,Dreiemoment,,
1.3 JTD M-Jet 16V,55kW,75hk,77kW,95hk,190Nm,240Nm,
1.3 JTD M-Jet 16V,66kW,90hk,84kW,115hk,200Nm,250Nm,
1.9 JTD M-Jet,88kW,120hk,106kW,145hk,280Nm,335Nm,
 , ,, ,, , ,
Idea,Ytelse,,Trimming,,Dreiemoment,,
1.3 JTD M-Jet 16V,51kW,70hk,72kW,90hk,145Nm,195Nm,
1.9 JTD,74kW,100hk,97kW,135hk,260Nm,315Nm,
1.3 JTD M-Jet 16V,66kW,90hk,84kW,115hk,200Nm,250Nm,
 , ,, ,, , ,
Marea,Ytelse,,Trimming,,Dreiemoment,,
1.9 JTD,77kW,105hk,100kW,136hk,200Nm,290Nm,
1.9 JTD Euro 3,81kW,110hk,100kW,136hk,210Nm,290Nm,
2.4 JTD,96kW,130hk,122kW,166hk,310Nm,355Nm,
 , ,, ,, , ,
Multipla,Ytelse,,Trimming,,Dreiemoment,,
1.9 JTD,77kW,105hk,100kW,136hk,200Nm,290Nm,
1.9 JTD Euro 3,85kW,115hk,100kW,145hk,203Nm,285Nm,
1.9 JTD M-Jet,88kW,120hk,114kW,155hk,210Nm,260Nm,
 , ,, ,, , ,
Palio Weekend,,,,,,,
1.9 JTD,59kW,80hk,85kW,115hk,196Nm,260Nm,
 , ,, ,, , ,
Panda,Ytelse,,Trimming,,Dreiemoment,,
1.3 JTD M-Jet 16V,51kW,70hk,72kW,90hk,145Nm,195Nm,
1.3 JTD M-Jet 16V,55kW,75hk,77kW,95hk,145Nm,195Nm,
 , ,, ,, , ,
Punto,,,,,,,
1.9 JTD,59kW,80hk,78kW,106hk,196Nm,270Nm,
1.9 JTD,63kW,85hk,80kW,110hk,196Nm,270Nm,
1.9 JTD,74kW,100hk,97kW,135hk,260Nm,315Nm,
1.3 JTD M-Jet 16V,51kW,70hk,72kW,90hk,145Nm,195Nm,
 , ,, ,, , ,
Scudo,,,,,,,
2.0 JTD,69kW,94hk,85kW,115hk,215Nm,270Nm,
2.0 JTD,80kW,109hk,96kW,130hk,250Nm,290Nm,
 , ,, ,, , ,
Sedici,,,,,,,
1.9 JTD M-Jet,88kW,120hk,114kW,155hk,280Nm,335Nm,
 , ,, ,, , ,
Stilo,,,,,,,
1.9 JTD,59kW,80hk,78kW,106hk,196Nm,270Nm,
1.9 JTD,74kW,100hk,97kW,135hk,260Nm,315Nm,
1.9 JTD,85kW,115hk,103kW,140hk,255Nm,290Nm,
1.9 JTD M-Jet 16V,103kW,140hk,128kW,175hk,305Nm,390Nm,
1.9 JTD M-Jet,66kW,90hk,84kW,115hk,255Nm,295Nm,
1.9 JTD M-Jet,88kW,120hk,114kW,155hk,255Nm,295Nm,
1.9 JTD M-Jet 16V,110kW,150hk,121kW,165hk,305Nm,355Nm,
 , ,, ,, , ,
Ulysse,,,,,,,
2.0 JTD,80kW,109hk,96kW,130hk,250Nm,320Nm,
2.2 JTD,94kW,128hk,116kW,158hk,314Nm,385Nm,
2.0 JTD M-Jet 16V,100kW,136hk,121kW,165hk,320Nm,385Nm,
,,,,,,,
,,,,,,,
Ford,bilmerke,,,,,,
Fiesta,Ytelse,,Trimming,,Dreiemoment,,
1.4 TDCi,50kW,68hk,66kW,90hk,160Nm,210Nm,
1.6 TDCi,66kW,90hk,85kW,115hk,204Nm,255Nm,
1.8 D 1996-2001,44kW,60hk,kW,hk,105Nm,Nm,
1.8 DI 1996-2001,56kW,75hk,kW,hk,140Nm,Nm,
 , ,, ,, , ,
Focus / C-Max,Ytelse,,Trimming,,Dreiemoment,,
1.4 TDCi 2002-,50kW,68hk,66kW,90hk,160Nm,210Nm,
1.6 TDCi,66kW,90hk,85kW,115hk,204Nm,255Nm,
1.6 TDCi,80kW,109hk,99kW,135hk,240Nm,300Nm,
1.6 TDCi 2011-,85kW,115hk,103kW,140hk,270Nm,330Nm,
1.8 TDdi 1999-2000,55kW,75hk,70kW,95hk,140Nm,175Nm,
1.8 TDdi 2001-2005,55kW,75hk,70kW,95hk,175Nm,210Nm,
1.8 TDdi,66kW,90hk,81kW,110hk,200Nm,240Nm,
1.8 TDCi,74kW,100hk,70kW,95hk,240Nm,290Nm,
1.8 TDCi,85kW,115hk,103kW,140hk,250Nm,310Nm,
1.8 TDCi,85kW,115hk,103kW,143hk,280Nm,330Nm,
2.0 TDCi,100kW,136hk,121kW,165hk,320Nm,380Nm,
2.5 ST,166kW,225hk,184kW,250hk,320Nm,380Nm,
 , ,, ,, , ,
Fusion,Ytelse,,Trimming,,Dreiemoment,,
1.4 TDCi,50kW,68hk,66kW,92hk,160Nm,210Nm,
1.6 TDCi,66kW,90hk,85kW,120hk,204Nm,260Nm,
 , ,, ,, , ,
Galaxy,Ytelse,,Trimming,,Dreiemoment,,
1.9 TDI før 2001,66kW,90hk,85kW,115hk,202Nm,251Nm,
1.9 TDI etter 2001,66kW,90hk,85kW,115hk,202Nm,251Nm,
1.9 TDI før 2001,81kW,110hk,103kW,140hk,240Nm,290Nm,
1.9 TDI etter 2001,81kW,110hk,103kW,140hk,235Nm,272Nm,
1.9 TDI PD,85kW,115hk,105kW,143hk,310Nm,360Nm,
1.9 TDI PD,96kW,130hk,118kW,160hk,310Nm,380Nm,
1.9 TDI PD,110kW,150hk,132kW,180hk,310Nm,420Nm,
2.0 TDCi,103kW,140hk,121kW,165hk,320Nm,370Nm,
 , ,, ,, , ,
Mondeo,Ytelse,,Trimming,,Dreiemoment,,
1.6 TDCi 2011-,85kW,115hk,103kW,140hk,270Nm,330Nm,
2.0 TDDi,66kW,90hk,85kW,115hk,245Nm,290Nm,
1.8 TDCi 01-07,92kW,125hk,114kW,155hk,320Nm,370Nm,
2.0 TDDi,85kW,115hk,103kW,140hk,280Nm,330Nm,
2.0 TDCi 01-07,85kW,115hk,105kW,143hk,280Nm,330Nm,
2.0 TDDi 01-07,96kW,130hk,119kW,162hk,330Nm,380Nm,
2.2 TDCi,114kW,155hk,132kW,180hk,360Nm,420Nm,
2.2 TDCi,114kW,155hk,137kW,186hk,400Nm,460Nm,
1.8 TDCi 2007-..,74kW,100hk,96kW,130hk,280/295Nm,370Nm,
2.0 TDCi 2007-..,85kW,115hk,105kW,143hk,300/320Nm,360Nm,
2.0 TDCi 2007-..,96kW,130hk,118kW,160hk,320Nm,380Nm,
2.0 TDCi 2007-..,96kW,130hk,118kW,165hk,340Nm,390Nm,
2.0 TDCi 2007-..,103kW,140hk,140kW,170hk,320/340Nm,420Nm,
2.2 TDCi 2007-..,103kW,140hk,140kW,170hk,320Nm,380Nm,
2.2 TDCi 2007-..,129kW,175hk,151kW,206hk,400/420Nm,470Nm,
 , ,, ,, , ,
Ranger,Ytelse,,Trimming,,Dreiemoment,,
2.5 TDCi,105kW,143hk,127kW,173hk,330Nm,400Nm,
 , ,, ,, , ,
S-Max,Ytelse,,Trimming,,Dreiemoment,,
2.5 Turbo,162kW,220hk,184kW,250hk,320Nm,370Nm,
"1,8 TDCI",74kW,100hk,96kW,130hk,240Nm,300Nm,
"1,8 TDCI",92kW,125hk,114kW,155hk,320Nm,380Nm,
2.0 TDCi,96kW,130hk,118kW,160hk,320Nm,370Nm,
2.0 TDCi 2007-..,96kW,130hk,118kW,165hk,340Nm,390Nm,
2.0 TDCi,103kW,140hk,121kW,165hk,320Nm,370Nm,
2.2 TDCi,129kW,175hk,151kW,205hk,400Nm,470Nm,
 , ,, ,, , ,
Tourneo / Connect,Ytelse,,Trimming,,Dreiemoment,,
1.8 TDCi,66kW,90hk,85kW,115hk,220Nm,270Nm,
2.0 TDCi,92kW,125hk,107kW,146hk,285Nm,356Nm,
 , ,, ,, , ,
Transit / Transit Connect,Ytelse,,Trimming,,Dreiemoment,,
1.8 TDCi,55kW,75hk,74kW,100hk,200Nm,279Nm,
1.8 TDCi,66kW,90hk,88kW,120hk,220Nm,299Nm,
2.0 Di TD,55kW,75hk,70kW,95hk,185Nm,235Nm,
2.0 Di TD,62kW,85hk,81kW,110hk,200Nm,255Nm,
2.0 Di TD,74kW,100hk,92kW,125hk,230Nm,280Nm,
2.0 TDCi,92kW,125hk,110kW,150hk,285Nm,335Nm,
2.2 TDCi,62kW,85hk,78kW,105hk,250Nm,312Nm,
"2.2 TDCi, EUR5 2012-....",74kW,100hk,96kW,130hk,310Nm,370Nm,
2.2 TDCi,81kW,110hk,101kW,137hk,235Nm,293Nm,
"2.2 TDCi, EUR5 2012-....",92kW,125hk,118kW,160hk,350Nm,410Nm,
2.2 TDCi,95kW,130hk,119kW,162hk,310Nm,387Nm,
2.2 TDCi,103kW,140hk,128kW,175hk,305Nm,381Nm,
"2.2 TDCi, EUR5 2012-....",103kW,140hk,132kW,180hk,350Nm,420Nm,
"2.2 TDCi, EUR5 2012-....",114kW,155hk,137kW,186hk,385Nm,460Nm,
2.4 Di TD,55kW,75hk,66kW,90hk,185Nm,230Nm,
2.4 Di TD,66kW,90hk,77kW,105hk,200Nm,250Nm,
2.4 TDE,85kW,116hk,99kW,135hk,250Nm,312Nm,
2.4 Di TD,88kW,120hk,103kW,140hk,240Nm,288Nm,
2.4 TDDi,92kW,125hk,107kW,146hk,285Nm,356Nm,
2.4 TDCi,74kW,100hk,96kW,130hk,285Nm,365Nm,
2.4 TDCi,85kW,115hk,109kW,148hk,320Nm,410Nm,
2.4 TDCi,103kW,140hk,125kW,170hk,375Nm,485Nm,
 , ,, ,, , ,
,,,,,,,
Honda,bilmerke,,,,,,
CR-V,Ytelse,,Trimming,,Dreiemoment,,
 ,kW,hk,kW,hk,originalt,tuning,
2.2 iCDTi,101kW,138hk,122kW,166hk, ,+73Nm,
 , ,, ,, , ,
Accord,Ytelse,,Trimming,,Dreiemoment,,
 ,kW,hk,kW,hk,originalt,tuning,
2.2 iCDTi (05-07),101kW,138hk,122kW,166hk, ,+73Nm,
2.2 iCDTi (08-),110kW,150hk,132kW,180hk,350Nm,423Nm,
 , ,, ,, , ,
Civic,Ytelse,,Trimming,,Dreiemoment,,
 ,kW,hk,kW,hk,originalt,tuning,
2.2 iCDTi (06-..),103kW,140hk,125kW,170hk,340,430Nm,
2.2 iCDTi (08-),110kW,150hk,132kW,180hk,350Nm,423Nm,
 , ,, ,, , ,
,,,,,,,
,,,,,,,
Hyundai,bilmerke,,,,,,
Accent,Original ytelse,,tuning,,Dreiemoment,,
 ,kW,hk,kW,hk,originalt,tuning,
1.5 CRDi,60kW,82hk,81kW,110hk,184Nm,234Nm,
 , ,, ,, , ,
Elantra,Original ytelse,,tuning,,Dreiemoment,,
 ,kW,hk,kW,hk,originalt,tuning,
2.0 CRDi,82kW,112hk,103kW,140hk,235Nm,285Nm,
2.0 CRDi,83kW,113hk,103kW,140hk,245Nm,300Nm,
 , ,, ,, , ,
Getz,Original ytelse,,tuning,,Dreiemoment,,
 ,kW,hk,kW,hk,originalt,tuning,
1.5 CRDi,60kW,82hk,74kW,100hk,184Nm,230Nm,
1.5 CRDi,65kW,88hk,83kW,113hk,215Nm,265Nm,
2.0 CRDi,83kW,113hk,103kW,140hk,245Nm,300Nm,
 , ,, ,, , ,
H1,Original ytelse,,tuning,,Dreiemoment,,
 ,kW,hk,kW,hk,originalt,tuning,
BV 2.5 CRDi,103kW,140hk,125kW,170hk,314Nm,370Nm,
BV 2.5 CRDi,81kW,110hk,103kW,140hk,232Nm,295Nm,
2.5 CRDi,103kW,140hk,125kW,170hk,314Nm,375Nm,
2.5 CRDi,125kW,170hk,147kW,200hk,392Nm,465Nm,
 , ,, ,, , ,
i30,Original ytelse,,tuning,,Dreiemoment,,
 ,kW,hk,kW,hk,originalt,tuning,
1.6 D,66kW,90hk,83kW,112hk,235Nm,294Nm,
1.6 D,84kW,115hk,106kW,144hk,255Nm,319Nm,
 , ,, ,, , ,
Matrix,Original ytelse,,tuning,,Dreiemoment,,
 ,kW,hk,kW,hk,originalt,tuning,
1.5 CRDi,60kW,82hk,81kW,110hk,184Nm,234Nm,
1.5 CRDi,75kW,102hk,95kW,130hk,235Nm,260Nm,
 , ,, ,, , ,
SantaFe,Original ytelse,,tuning,,Dreiemoment,,
 ,kW,hk,kW,hk,originalt,tuning,
2.0 CRDi,82kW,112hk,103kW,140hk,255Nm,295Nm,
2.0 CRDi,92kW,125hk,114kW,155hk,285Nm,330Nm,
2.2 CRDi,111kW,150hk,140kW,190hk,335Nm,385Nm,
2.2 CRDi,114kW,155hk,144kW,195hk,343Nm,400Nm,
 , ,, ,, , ,
Sonata,Original ytelse,,tuning,,Dreiemoment,,
 ,kW,hk,kW,hk,originalt,tuning,
2.0 CRDi,92kW,125hk,114kW,155hk,285Nm,330Nm,
 , ,, ,, , ,
Starex,Original ytelse,,tuning,,Dreiemoment,,
 ,kW,hk,kW,hk,originalt,tuning,
2.5 CRDi,103kW,140hk,125kW,170hk,314Nm,370Nm,
 , ,, ,, , ,
Terracan,Original ytelse,,tuning,,Dreiemoment,,
 ,kW,hk,kW,hk,originalt,tuning,
2.9 CRDi,110kW,150hk,130kW,177hk,333Nm,373Nm,
2.9 CRDi,120kW,163hk,142kW,193hk,345Nm,405Nm,
 , ,, ,, , ,
Trajet,Original ytelse,,tuning,,Dreiemoment,,
 ,kW,hk,kW,hk,originalt,tuning,
2.0 CRDi,82kW,112hk,103kW,140hk,255Nm,295Nm,
2.0 CRDi,83kW,113hk,103kW,140hk,245Nm,300Nm,
2.0 CRDi,92kW,125hk,114kW,155hk,285Nm,330Nm,
 , ,, ,, , ,
Tucson,Original ytelse,,tuning,,Dreiemoment,,
 ,kW,hk,kW,hk,originalt,tuning,
2.0 CRDi,82kW,112hk,103kW,140hk,245Nm,300Nm,
2.0 CRDi,83kW,113hk,103kW,140hk,245Nm,300Nm,
2.0 CRDi,103kW,140hk,129kW,175hk,306Nm,380Nm,
,,,,,,,
,,,,,,,
Kia,bilmerke,,,,,,
Carnival,Original ytelse,,tuning,,Dreiemoment,,
,kW,hk,kW,hk,originalt,tuning,
2.9 CRDi,106kW,144PS,128kW,174PS,310Nm,370Nm,
, , , , , , ,
Carens,Original ytelse,,tuning,,Dreiemoment,,
,kW,hk,kW,hk,originalt,tuning,
2.0 CRDi,82kW,112PS,103kW,140PS,245Nm,285Nm,
, , , , , , ,
Ceed,Original ytelse,,tuning,,Dreiemoment,,
,kW,hk,kW,hk,originalt,tuning,
1.6 crdi,66kW,90hk,83kW,112hk,235Nm,294Nm,
1.6 crdi,84kW,115hk,106kW,144hk,255Nm,319Nm,
, , , , , , ,
Cerato,Original ytelse,,tuning,,Dreiemoment,,
,kW,hk,kW,hk,originalt,tuning,
1.5 CRDi,54kW,73PS,72kW,98PS,170Nm,220Nm,
1.5 CRDi,66kW,90PS,95kW,130PS,195Nm,250Nm,
1.5 CRDi,75kW,102PS,95kW,130PS,235Nm,280Nm,
2.0 CRDi,66kW,90PS,95kW,130PS,197Nm,255Nm,
2.0 CRDi,82kW,112PS,103kW,140PS,245Nm,285Nm,
, , , , , , ,
Rio,Original ytelse,,tuning,,Dreiemoment,,
,kW,hk,kW,hk,originalt,tuning,
1.5 CRDi,58kW,79PS,76kW,104PS,170Nm,225Nm,
1.5 CRDi,81kW,110PS,99kW,135PS,235Nm,290Nm,
, , , , , , ,
Sorento,Original ytelse,,tuning,,Dreiemoment,,
,kW,hk,kW,hk,originalt,tuning,
2.5 CRDi,103kW,140PS,125kW,170PS,320Nm,375Nm,
, , , , , , ,
Sportage,Original ytelse,,tuning,,Dreiemoment,,
,kW,hk,kW,hk,originalt,tuning,
2.0 CRDi,82kW,112PS,108kW,147PS,245Nm,310Nm,
2.0 CRDi,104kW,140PS,103kW,140PS,Nm,+65Nm,
,,,,,,,
,,,,,,,
Landrover,bilmerke,,,,,,
Defender,Ytelse,,Trimming,,Dreiemoment,,
 ,kW,hk,kW,hk,originalt,tuning,
TD5,90kW,122hk,110kW,150hk,300Nm,365Nm,
2.4 tdci (2007-....),90kW,122hk,114kW,155hk,360Nm,420Nm,
2.7 TD V6,140kW,190hk,160kW,218hk,440Nm,500Nm,
 , ,, ,, , ,
Discovery,Ytelse,,Trimming,,Dreiemoment,,
 ,kW,hk,kW,hk,originalt,tuning,
TD5,90kW,122hk,110kW,150hk,300Nm,365Nm,
2.7 TDV6 Disco3,140kW,190hk,160kW,218hk,440Nm,500Nm,
3.0 TDV6 Disco4,155kW,211hk,215kW,292hk,520Nm,660Nm,
3.0 SDV6 Disco4,180kW,245hk,215kW,292hk,600Nm,670Nm,
3.0 TDV8 Disco3,200kW,272hk,228kW,310hk,640Nm,735Nm,
4.4 V8,211kW,285hk,222kW,300hk,440Nm,460Nm,
4.4 V8,221kW,299hk,233kW,315hk,Nm,+28Nm,
 , ,, ,, , ,
Evoque,Ytelse,,Trimming,,Dreiemoment,,
 ,kW,hk,kW,hk,originalt,tuning,
2.2 TD4,110kW,150hk,154kW,210hk,400Nm,460Nm,
2.2 SD4,140kW,190hk,165kW,225hk,420Nm,480Nm,
 , ,, ,, , ,
Freelander,Ytelse,,Trimming,,Dreiemoment,,
 ,kW,hk,kW,hk,originalt,tuning,
2.0 TD4,82kW,112hk,103kW,140hk,260Nm,330Nm,
2.2 TD4,118kW,160hk,140kW,190hk,Nm,+80Nm,
2.2 ED4 (2006-..),110kW,150hk,140kW,190hk,380Nm,460Nm,
2.2 TD4 (2006-..),110kW,150hk,141kW,192hk,420Nm,485Nm,
2.2 SD4,140kW,190hk,165kW,225hk,420Nm,480Nm,
 , ,, ,, , ,
RangeRover,Ytelse,,Trimming,,Dreiemoment,,
 ,kW,hk,kW,hk,originalt,tuning,
2.5 DSE,102kW,138hk,120kW,163hk,268Nm,320Nm,
3.0 TD6,130kW,177hk,150kW,204hk,390Nm,440Nm,
"2,7 TDV6",140kW,190hk,160kW,218hk,440Nm,500Nm,
3.0 TDV6,155kW,211hk,215kW,292hk,520Nm,660Nm,
3.0 SDV6,180kW,245hk,215kW,292hk,600Nm,670Nm,
"3,6 TDV8",200kW,272hk,228kW,310hk,640Nm,735Nm,
4.4 V8,211kW,285hk,222kW,300hk,440Nm,460Nm,
4.4 V8,221kW,299hk,233kW,315hk,Nm,+28Nm,
,,,,,,,
,,,,,,,
Mercedes,bilmerke,,,,,,
A-klasse,Original ytelse,,tuning,,Dreiemoment,,
 ,kW,hk,kW,hk,originalt,tuning,
160 CDI W168,44kW,60hk,66kW,90hk,160Nm,200Nm,
160 CDI W168,55kW,75hk,66kW,90hk,160Nm,200Nm,
160 CDI W169,60kW,82hk,81kW,110hk,180Nm,230Nm,
170 CDI W168,66kW,90hk,85kW,115hk,180Nm,240Nm,
170 CDI W168,70kW,95hk,88kW,120hk,180Nm,245Nm,
180 CDI W169,80kW,109hk,103kW,140hk,250Nm,320Nm,
200 CDI W169,103kW,140hk,125kW,170hk,300Nm,370Nm,
200 T,142kW,193hk,175kW,238hk,280Nm,351Nm,
 , ,, ,, , ,
B-klasse,Original ytelse,,tuning,,Dreiemoment,,
 ,kW,hk,kW,hk,originalt,tuning,
180 CDI W245,80kW,109hk,103kW,140hk,250Nm,320Nm,
200 CDI W245,103kW,140hk,125kW,170hk,300Nm,370Nm,
200T W245,142kW,193hk,175kW,238hk,280Nm,351Nm,
 , ,, ,, , ,
C-klasse,Original ytelse,,tuning,,Dreiemoment,,
 ,kW,hk,kW,hk,originalt,tuning,
200 K 1.8L W203 (04-07),105kW,143hk,120kW,163hk,220Nm,250Nm,
200 K 1.8L W203 (04-07)*,105kW,143hk,142kW,193hk,220Nm,285Nm,
200 K 1.8L W204 (08- ),115kW,156hk, , ,230Nm, ,
200 K 1.8L W203 (04-07 ),120kW,163hk,134kW,183hk,240Nm,270Nm,
200 K 1.8L W203 (04-07)*,120kW,163hk,149kW,210hk,240Nm,310Nm,
200 K 1.8L W204 (08- ),135kW,184hk, , ,250Nm, ,
200 2.0L (97-04),100kW,136hk,112kW,152hk,195Nm,215Nm,
200 K 2.0L (97-04),120kW,163hk,134kW,183hk,230Nm,265Nm,
200 K 2.0L * (97-04),120kW,163hk,149kW,210hk,220Nm,300Nm,
230 K (96-00),142kW,193hk,156kW,212hk,280Nm,315Nm,
230 K (96-00)*,142kW,193hk,169kW,230hk,280Nm,340Nm,
230 K (00-04),144kW,197hk,159kW,217hk,280Nm,315Nm,
230 K (00-04)*,144kW,197hk,173kW,235hk,280Nm,340Nm,
320,159kW,217hk,173kW,235hk,245Nm,258Nm,
200 CDI W202,75kW,102hk,110kW,150hk,235Nm,345Nm,
200 CDI W203 2001-03,85kW,115hk,107kW,145hk,250Nm,355Nm,
200 CDI W203 2004->07,90kW,122hk,121kW,165hk,270Nm,370Nm,
200 CDI W204,100kW,136hk,120kW,170hk,270Nm,340Nm,
220 CDI W202,92kW,125hk,129kW,175hk,300Nm,355Nm,
220 CDI W203 2001-03,105kW,143hk,131kW,178hk,315Nm,385Nm,
220 CDI W203 04-07,110kW,150hk,136kW,185hk,340Nm,410Nm,
220 CDI W204,110kW,170hk,151kW,205hk,400Nm,460Nm,
270 CDI W203,125kW,170hk,151kW,205hk,370Nm,470Nm,
320 CDI,165kW,224hk,198kW,270hk,510Nm,620Nm,
C30 CDI AMG,169kW,230hk,198kW,270hk,540Nm,620Nm,
 , ,, ,, , ,
CLK,Original ytelse,,tuning,,Dreiemoment,,
 ,kW,hk,kW,hk,originalt,tuning,
200 K 1.8L (04-09 ),120kW,163hk,134kW,183hk,240Nm,270Nm,
200 K 1.8L (04-09)*,120kW,163hk,149kW,210hk,240Nm,310Nm,
200 2.0L (97-04),100kW,136hk,112kW,152hk,195Nm,215Nm,
200 K 2.0L (97-04),120kW,163hk,134kW,183hk,230Nm,265Nm,
200 K 2.0L * (97-04),120kW,163hk,149kW,210hk,220Nm,300Nm,
230 K (96-00),142kW,193hk,156kW,212hk,280Nm,315Nm,
230 K (96-00)*,142kW,193hk,169kW,230hk,280Nm,340Nm,
230 K (00-04),144kW,197hk,159kW,217hk,280Nm,315Nm,
230 K (00-04)*,144kW,197hk,173kW,235hk,280Nm,340Nm,
320,159kW,217hk,173kW,235hk,245Nm,258Nm,
 , ,, ,, , ,
220 CDI C208,110kW,150hk,140kW,190hk,340Nm,410Nm,
270 CDI C208,125kW,170hk,151kW,205hk,370Nm,470Nm,
320 CDI C208,165kW,224hk,198kW,270hk,510Nm,620Nm,
 , ,, ,, , ,
CL / CLS,Original ytelse,,tuning,,Dreiemoment,,
 ,kW,hk,kW,hk,originalt,tuning,
600 W215,367kW,500hk,412kW,560hk,Nm,+100Nm,
600 W215,367kW,500hk,427kW,580hk,Nm,+150Nm,
320 CDI W219,165kW,224hk,198kW,270hk,510Nm,620Nm,
420 CDI W219,231kW,314hk,257kW,350hk,730Nm,800Nm,
 , ,, ,, , ,
E-klasse,Original ytelse,,tuning,,Dreiemoment,,
 ,kW,hk,kW,hk,originalt,tuning,
200 K 1.8L (07- ),115kW,156hk,140kW,191hk,230Nm,246Nm,
200 K 1.8L (07- )*,115kW,156hk,156kW,213hk,230Nm,310Nm,
200 K 1.8L (04-06 ),120kW,163hk,134kW,183hk,240Nm,270Nm,
200 K 1.8L (04-06)*,120kW,163hk,149kW,210hk,240Nm,310Nm,
200 K 1.8L W212 (08- ),135kW,184hk, , ,250Nm, ,
200 2.0L (97-04),100kW,136hk,112kW,152hk,195Nm,215Nm,
200 K 2.0L (97-04),120kW,163hk,134kW,183hk,230Nm,265Nm,
200 K 2.0L * (97-04),120kW,163hk,149kW,210hk,220Nm,300Nm,
230 K (96-00),142kW,193hk,156kW,212hk,280Nm,315Nm,
230 K (96-00)*,142kW,193hk,169kW,230hk,280Nm,340Nm,
230 K (00-04),144kW,197hk,159kW,217hk,280Nm,315Nm,
230 K (00-04)*,144kW,197hk,173kW,235hk,280Nm,340Nm,
320,159kW,217hk,173kW,235hk,245Nm,258Nm,
200 CDI W210 før 2002,75kW,102hk,110kW,150hk,235Nm,345Nm,
200 CDI W210 før 2002,85kW,115hk,107kW,145hk,250Nm,355Nm,
220 CDI W210 -1999,92kW,125hk,129kW,175hk,300Nm,355Nm,
220 CDI 00-02 W210,105kW,143hk,131kW,178hk,315Nm,385Nm,
270 CDI W210,125kW,170hk,151kW,205hk,370Nm,470Nm,
290 TD W210,95kW,129hk,114kW,155hk,300Nm,360Nm,
300 TD W210,130kW,177hk,150kW,204hk,330Nm,370Nm,
320 CDI W210,145kW,197hk,176kW,240hk,470Nm,560Nm,
200 CDI,90kW,122hk,121kW,165hk,270Nm,360Nm,
200 CDI 2003-06/06,100kW,136hk,120kW,170hk,340Nm,420Nm,
200 CDI 06/06-2008,100kW,136hk,120kW,170hk,360Nm,450Nm,
220 CDI 2003-07,110kW,150hk,140kW,190hk,340Nm,410Nm,
220 CDI 2007-09,125kW,170hk,151kW,205hk,400Nm,460Nm,
270 CDI,130kW,177hk,156kW,212hk,400Nm,480Nm,
280 CDI,130kW,177hk,160kW,217hk,425Nm,505Nm,
280 CDI,140kW,190hk,176kW,240hk,440Nm,530Nm,
320 CDI,150kW,204hk,184kW,250hk,500Nm,580Nm,
320 CDI,165kW,224hk,198kW,270hk,510Nm,620Nm,
400 CDI,191kW,260hk,228kW,310hk,560Nm,640Nm,
420 CDI,231kW,314hk,257kW,350hk,730Nm,800Nm,
200 CDI,100kW,136hk,120kW,170hk,360Nm,450Nm,
220 CDI,120kW,163hk,151kW,205hk,400Nm,480Nm,
220 CDI,125kW,170hk,151kW,205hk,400Nm,480Nm,
250 CDI,150kW,204hk,176kW,240hk,500Nm,570Nm,
 , ,, ,, , ,
GLK,Original ytelse,,tuning,,Dreiemoment,,
 ,kW,hk,kW,hk,originalt,tuning,
200 CDI 2013-,105kW,143hk,136kW,185hk,350Nm,420Nm,
220 CDI 2008-2012,125xkW,170hk,151kW,205hk,400Nm,485Nm,
220 CDI 2013-,120kW,163hk,151kW,205hk,400Nm,485Nm,
250 CDI 2008-2010,110kW,204hk,178kW,243hk,500Nm,583Nm,
250 CDI 2011-,110kW,204hk,178kW,243hk,500Nm,583Nm,
320 CDI 2008-2009,165kW,224hk,191kW,260hk,510Nm,600Nm,
350 CDI 2010-,165kW,231hk,191kW,260hk,540Nm,620Nm,
 , ,, ,, , ,
G / GL,Original ytelse,,tuning,,Dreiemoment,,
 ,kW,hk,kW,hk,originalt,tuning,
290 TD,88kW,120hk,110kW,150hk,280Nm,350Nm,
300 TD W460,130kW,177hk,150kW,204hk,330Nm,370Nm,
270 CDI,115kW,156hk,143kW,195hk,400Nm,480Nm,
280 CDI,140kW,190hk,176kW,240hk,440Nm,530Nm,
320 CDI X164 3.0L 2007-09,155kW,211hk,204kW,277hk,540Nm,605Nm,
320 CDI X164 3.0L 2007-09,165kW,224hk,204kW,277hk,510Nm,605Nm,
350 CDI X164 3.0L 2009-12,155kW,211hk,204kW,277hk,540Nm,605Nm,
350 CDI X164 3.0L 2009-10,165kW,224hk,204kW,277hk,510Nm,605Nm,
350 CDI X164 3.0L 2009-11,195kW,265hk,213kW,290hk,620Nm,680Nm,
400 CDI W463,184kW,250hk,213kW,290hk,560Nm,630Nm,
420 CDI X164 4.0L 2007-09,231kW,314hk,257kW,350hk,730Nm,800Nm,
450 CDI X164 4.0L 2009-10,225kW,306hk,260kW,354hk,700Nm,830Nm,
 , ,, ,, , ,
ML,Original ytelse,,tuning,,Dreiemoment,,
 ,kW,hk,kW,hk,originalt,tuning,
270 CDI W163,120kW,163hk,151kW,205hk,400Nm,480N,
280 CDI W164,140kW,190hk,176kW,240hk,440Nm,530Nm,
320 CDI W164,165kW,224hk,198kW,270hk,510Nm,620Nm,
400 CDI W163,191kW,260hk,228kW,310hk,560Nm,640Nm,
420 CDI W164,231kW,314hk,257kW,350hk,730Nm,800Nm,
 , ,, ,, , ,
R-klasse,Original ytelse,,tuning,,Dreiemoment,,
 ,kW,hk,kW,hk,originalt,tuning,
280 CDI W251,140kW,190hk,176kW,240hk,440Nm,530Nm,
320 CDI W251,165kW,224hk,198kW,270hk,510Nm,620Nm,
420 CDI,231kW,314hk,257kW,350hk,730Nm,800Nm,
 , ,, ,, , ,
S-klasse,Original ytelse,,tuning,,Dreiemoment,,
 ,kW,hk,kW,hk,originalt,tuning,
S280 W220 (99-00),150kW,204hk,168kW,228hk,270Nm,302Nm,
S320 W220 (98-02),165kW,225hk,185kW,252hk,315Nm,353Nm,
S600 5.8L V12,270kW,367hk,302kW,411hk,Nm,Nm,
300 TD W140,130kW,177hk,150kW,204hk,330Nm,370Nm,
320 CDI W220,145kW,197hk,169kW,230hk,470Nm,550Nm,
320 CDI W220,173kW,235hk,217kW,295hk,540Nm,640Nm,
400 CDI W220,184kW,250hk,213kW,290hk,560Nm,630Nm,
420 CDI,231kW,314hk,257kW,350hk,730Nm,800Nm,
 , ,, ,, , ,
SLK,Original ytelse,,tuning,,Dreiemoment,,
 ,kW,hk,kW,hk,originalt,tuning,
200 K 1.8L (07- ),115kW,156hk,140kW,191hk,230Nm,246Nm,
200 K 1.8L (07- )*,115kW,156hk,156kW,213hk,230Nm,310Nm,
200 K 1.8L (04-06 ),120kW,163hk,134kW,183hk,240Nm,270Nm,
200 K 1.8L (04-06)*,120kW,163hk,149kW,210hk,240Nm,310Nm,
200 K 1.8L (07- ),135kW,184hk,146kW,198hk,250Nm,280Nm,
200 K 1.8L (07- )*,135kW,184hk,162kW,220hk,250Nm,320Nm,
200 2.0L (97-04),100kW,136hk,112kW,152hk,195Nm,215Nm,
200 K 2.0L (97-04),120kW,163hk,134kW,183hk,230Nm,265Nm,
200 K 2.0L * (97-04),120kW,163hk,149kW,210hk,220Nm,300Nm,
230 K (96-00),142kW,193hk,156kW,212hk,280Nm,315Nm,
230 K (96-00)*,142kW,193hk,169kW,230hk,280Nm,340Nm,
230 K (00-04),144kW,197hk,159kW,217hk,280Nm,315Nm,
230 K (00-04)*,144kW,197hk,173kW,235hk,280Nm,340Nm,
320,159kW,217hk,173kW,235hk,245Nm,258Nm,
350,177kW,241hk,191kW,260hk,Nm,+28Nm,
* Inklusive omgiring av kompressor. Beregn henting av bilen dagen etter.,,,,,,,
 , ,, ,, , ,
Sprinter,Original ytelse,,tuning,,Dreiemoment,,
 ,kW,hk,kW,hk,originalt,tuning,
Oppheving av fartssperre, , , , , , ,
208cdi / 308cdi,60kW,82hk,92kW,125hk,200Nm,255Nm,
210cdi / 310cdi,85kW,115hk,120kW,163hk,250Nm,355Nm,
211cdi / 311cdi,80kW,109hk,110kW,150hk,270Nm,350Nm,
212cdi / 312cdi,105kW,143hk,131kW,178hk,315Nm,385Nm,
213 / 313 / 413cdi,95kW,129hk,114kW,155hk,300Nm,360Nm,
"215 / 315 / 515cdi (2,2L)",110kW,150hk,132kW,180hk,330Nm,400Nm,
216 / 316 / 416cdi,115kW,156hk,138kW,187hk,330Nm,410Nm,
216 / 316 / 416cdi,120kW,163hk,143kW,195hk,360Nm,440Nm,
218 / 318 / 518cdi (3.0L),135kW,184hk,162kW,220hk,400Nm,460Nm,
219 / 319 / 519cdi (3.0L),140kW,190hk,169kW,230hk,440Nm,500Nm,
 , ,, ,, , ,
Vito / Viano / V-klasse,Original ytelse,,tuning,,Dreiemoment,,
(Viano: 220cdi / 320cdi),kW,hk,kW,hk,originalt,tuning,
108 cdi,60kW,82hk,85kW,115hk,200Nm,265Nm,
109 cdi,65kW,88hk,88kW,120hk,220Nm,290Nm,
110 cdi / 200cdi før 2010,75kW,102hk,110kW,150hk,250Nm,320Nm,
110 cdi fra 2010,70kW,95hk,110kW,150hk,250Nm,320Nm,
111 cdi før 2010,80kW,109hk,110kW,150hk,270Nm,350Nm,
111 cdi fra 2010,85kW,116hk,118kW,160hk,290Nm,370Nm,
112 cdi /220cdi,90kW,122hk,118kW,160hk,300Nm,375Nm,
113 cdi / 220cdi,100kW,136hk,140kW,191hk,310Nm,403Nm,
115 cdi før 2010,110kW,150hk,132kW,180hk,330Nm,390Nm,
115 cdi fra 2010,118kW,160hk,140kW,190hk,330Nm,4000Nm,
116 cdi,120kW,163hk,151kW,205hk,360Nm,440Nm,
120 cdi V6,150kW,204hk,176kW,240hk,440Nm,540Nm,
122 cdi V6,165kW,224hk,207kW,282hk,440Nm,570Nm,
,,,,,,,
,,,,,,,
Mini,bilmerke,,,,,,
Mini One 1.4L 2010...,55kW,75PS,77kW,105PS,120Nm,156Nm,
Mini One 1.4L 2010...,70kW,95PS,77kW,105PS,140Nm,156Nm,
Mini One bensin før 2010,66kW,90PS,92kW,115PS,140Nm,165Nm,
Cooper,85kW,115PS,92kW,130PS,149Nm,169Nm,
Cooper (07-..),88kW,120PS,99kW,135PS,160Nm,184Nm,
"Cooper S kompressor
Kun datatuning",120Kw,163hk,135kW,184hk,210Nm,233Nm,
"Cooper S kompressor (05-..)
Kun datatuning",125Kw,170hk,140kW,191hk,220Nm,243Nm,
Cooper S turbo (06-..),128kW,175hk,154kW,210hk,240Nm,311Nm,
Cooper S turbo (06-..),135kW,184hk,158kW,215hk,260Nm,340Nm,
Mini One D 1.4 (03-..),55kW,75PS,70kW,95PS,180Nm,220Nm,
Mini One D 1.4 (05-..),65kW,88PS,79kW,108PS,190Nm,230Nm,
Mini Cooper 1.6D (06-..),81kW,110PS,105kW,143PS,240Nm,310Nm,
Mini Cooper 2.0D,105kW,143PS,136kW,185PS,305Nm,405Nm,
,,,,,,,
,,,,,,,
Mitsubishi,bilmerke,,,,,,
Carisma,Ytelse,,Trimming,,Dreiemoment,,
 ,kW,hk,kW,hk,originalt,tuning,
1.9 DI-D,75kW,102hk,95kW,129hk,215Nm,250Nm,
1.9 DI-D,85kW,115hk,105kW,143hk,270Nm,310Nm,
 , ,, ,, , ,
Colt,Ytelse,,Trimming,,Dreiemoment,,
 ,kW,hk,kW,hk,originalt,tuning,
1.9 DI-D,70kW,95hk,88kW,120hk,210Nm,262Nm,
 , ,, ,, , ,
Lancer,Ytelse,,Trimming,,Dreiemoment,,
 ,kW,hk,kW,hk,originalt,tuning,
2.0 DI-D,103kW,140hk,132kW,180hk,310Nm,390Nm,
 , ,, ,, , ,
Space Star,Ytelse,,Trimming,,Dreiemoment,,
 ,kW,hk,kW,hk,originalt,tuning,
1.9 DI-D,85kW,115hk,105kW,143hk,270Nm,310Nm,
1.9 DI-D,85kW,115hk,105kW,143hk,270Nm,310Nm,
 , ,, ,, , ,
Outlander,Ytelse,,Trimming,,Dreiemoment,,
 ,kW,hk,kW,hk,originalt,tuning,
2.0 DI-D,103kW,140hk,132kW,180hk,310Nm,390Nm,
2.2 DI-D,115kW,156hk,140kW,190hk,380Nm,450Nm,
 , ,, ,, , ,
Pajero,Ytelse,,Trimming,,Dreiemoment,,
 ,kW,hk,kW,hk,originalt,tuning,
* 2.5 TD,85kW,115hk,105kW,143hk,240Nm,297Nm,
* 2.5 TD,98kW,133hk,118kW,163hk,280Nm,330Nm,
2.5 Di-D,100kW,136hk,125kW,170hk,314Nm,375Nm,
2.5 Di-D,131kW,178hk,147kW,200hk,400Nm,440Nm,
* 3.2 Di-D,118kW,160hk,143kW,195hk,373Nm,425Nm,
3.2 Di-D (2007-..),118kW,160hk,143kW,195hk,381Nm,425Nm,
* 3.2 Di-D,121kW,165hk,14kW,198hk,373Nm,435Nm,
3.2 Di-D (2007-..),125kW,170hk,148kW,201hk,373Nm,425Nm,
3.2 Di-D,147kW,200hk,169kW,230hk,441Nm,500Nm,
,,,,,,,
Nissan,bilmerke,,,,,,
Almera,Ytelse,,Trimming,,Dreiemoment,,
 ,kW,hk,kW,hk,originalt,tuning,
1.5dCi,63 kW,86 hk,78 kW,106 hk,200 Nm,242 Nm,
1.5dCi,50 kW,68 hk,65 kW,89 hk,160 Nm,192 Nm,
"2,2dCi",80kW,110hk,103kW,140hk,230Nm,295Nm,
 , ,, ,, , ,
Micra / Note,Ytelse,,Trimming,,Dreiemoment,,
 ,kW,hk,kW,hk,originalt,tuning,
1.5dCi,48 kW,65 hk,60 kW,82 hk,Nm,+40 Nm,
1.5dCi,50 kW,68 hk,65 kW,89 hk,160 Nm,192 Nm,
1.5dCi,63 kW,86 hk,78 kW,106 hk,200 Nm,242 Nm,
 , ,, ,, , ,
Navara,Ytelse,,Trimming,,Dreiemoment,,
 ,kW,hk,kW,hk,originalt,tuning,
2.5Di 2001-04,98 kW,133 hk,123 kW,167 hk,304 Nm,368 Nm,
2.5 dCi,128 kW,174 hk,154 kW,210 hk,403 Nm,470 Nm,
 , ,, ,, , ,
Pathfinder,Ytelse,,Trimming,,Dreiemoment,,
 ,kW,hk,kW,hk,originalt,tuning,
2.5 dCi,128 kW,174 hk,154 kW,210 hk,403 Nm,470 Nm,
 , ,, ,, , ,
Patrol,Ytelse,,Trimming,,Dreiemoment,,
 ,kW,hk,kW,hk,originalt,tuning,
3.0Di,116 kW,158 hk,138 kW,187 hk,323 Nm,403 Nm,
 , ,, ,, , ,
Primastar,Ytelse,,Trimming,,Dreiemoment,,
 ,kW,hk,kW,hk,originalt,tuning,
1.9 dCi,60kW,81hk,78kW,106hk,190Nm,240Nm,
1.9 dCi,74kW,100hk,96kW,130hk,240Nm,300Nm,
 , ,, ,, , ,
Primera III,Ytelse,,Trimming,,Dreiemoment,,
 ,kW,hk,kW,hk,originalt,tuning,
1.9 dCi,60kW,81hk,81kW,110hk, , ,
1.9 dCi,74kW,100hk,96kW,130hk, , ,
1.9 dCi,88kW,120hk,110kW,150hk,270Nm,320Nm,
 , ,, ,, , ,
Terrano II,Ytelse,,Trimming,,Dreiemoment,,
 ,kW,hk,kW,hk,originalt,tuning,
2.7DCi, ,, ,, , ,
 , ,, ,, , ,
Qashqai,Ytelse,,Trimming,,Dreiemoment,,
 ,kW,hk,kW,hk,originalt,tuning,
1.5Dci,78kW,106hk,92kW,125hk,240Nm,300Nm,
2.0Dci,110kW,150hk,132kW,180hk,320Nm,400Nm,
 , ,, ,, , ,
X-Trail,Ytelse,,Trimming,,Dreiemoment,,
 ,kW,hk,kW,hk,originalt,tuning,
2.0Dci 2007-,110kW,150hk,135kW,183hk,320Nm,400Nm,
2.0Dci 2007-,127kW,173hk,156kW,212hk,380Nm,453Nm,
2.2Dci,100kW,136hk,124kW,168hk,314Nm,384Nm,
,,,,,,,
Opel,bilmerke,,,,,,
Agila,Ytelse,,Trimming,,Dreiemoment,,
 ,kW,hk,kW,hk,originalt,tuning,
1.0i 12V (00-04),43kW,58hk,49kW,67hk,85Nm,100Nm,
1.0i 12V (04-..),44kW,60hk,51kW,69hk,88Nm,103Nm,
1.2i 16V (99-04),55kW,75hk,65Nm,88hk,110Nm,130Nm,
1.2i 16V (05-..),55kW,75hk,65Nm,88hk,110Nm,130Nm,
1.3 CDTI (04-...) uten / med partikkelfilter,51kW,70hk,70kW,95hk,170Nm,220Nm,
 , ,, ,, , ,
Astra,Ytelse,,Trimming,,Dreiemoment,,
(modell G / H),kW,hk,kW,hk,originalt,tuning,
G 1.8 16V (01-02),85kW,116hk,96kW,130hk,179Nm,200Nm,
G 1.8 16V (01-04),92kW,125hk,103kW,140hk,170Nm,190Nm,
G 2.0 16V (98-00),100kW,136hk,112kW,152hk,188Nm,210Nm,
G 2.0 16V (00-00),118kW,160hk,132kW,180hk,188Nm,210Nm,
G 2.2 16V (01-04),108kW,147hk,121kW,165hk,203Nm,227Nm,
G 2.0 Turbo (01-04),141kW,192hk,169kW,230hk,250Nm,310Nm,
H 1.8i,92kW,125hk,103kW,140hk,170Nm,190Nm,
H 2.0 Turbo,125kW,170hk,154kW,210hk,250Nm,320Nm,
H 2.0 Turbo,147kW,200hk,169kW,230hk,262Nm,322Nm,
G 1.7 DT(98-00),50kW,68hk,63kW,85hk,132Nm,182Nm,
G 1.7 DT (00-04),55kW,75hk,66kW,90hk,165Nm,210Nm,
G 1.7 CDTI (03-..),59kW,80hk,81kW,110hk,170Nm,230Nm,
G 2.0 DI 16V (98-04),60kW,82hk,79kW,107hk,185Nm,235Nm,
G 2.0 DTI 16V (00-04),74kW,100hk,91kW,124hk,230Nm,270Nm,
G 2.2 DTI 16V (03-05),92kW,125hk,110kW,150hk,280Nm,340Nm,
H 1.3 CDTI uten / med partikkelfilter,66kW,90hk,85kW,115hk,200Nm,250Nm,
H 1.7 DT (04-..),59kW,80hk,81kW,110hk,170Nm,230Nm,
H 1.7 DTI (04-..),74kW,100hk,96kW,130hk,240Nm,300Nm,
H 1.9 CDTI,74kW,100hk,96kW,130hk,260Nm,320Nm,
H 1.9 CDTI,88kW,120hk,114kW,155hk,280Nm,350Nm,
H 1.9 CDTI,110kW,150hk,136kW,185hk,320Nm,390Nm,
 , ,, ,, , ,
Calibra,Ytelse,,Trimming,,Dreiemoment,,
 ,kW,hk,kW,hk,originalt,tuning,
2.0i Turbo (92-97),150kW,204hk,183kW,249hk,280Nm,350Nm,
 , ,, ,, , ,
Combo C,Ytelse,,Trimming,,Dreiemoment,,
 ,kW,hk,kW,hk,originalt,tuning,
1.3 CDTI (05-..) uten / med partikkelfilter,51kW,70hk,70kW,95hk,170Nm,220Nm,
1.7CDTI (05-..),74kW,100hk,95kW,130hk,240Nm,300Nm,
1.7 DTI (02-06),48kW,65hk,-,-,130Nm,-,
1.7 DI (02-06),55kW,75hk,-,-,132Nm,-,
 , ,, ,, , ,
Corsa,Ytelse,,Trimming,,Dreiemoment,,
(modell B / C),kW,hk,kW,hk,originalt,tuning,
B 1.0i 12V (97-00),40kW,55hk,45kW,62hk,82Nm,92Nm,
B 1.2i 16V (98-00),48kW,65hk,54Nm,73hk,110Nm,130Nm,
C 1.0i 12V (01-..),43kW,58hk,49kW,67hk,85Nm,100Nm,
C 1.0i 12V (04-..),44kW,60hk,51kW,69hk,88Nm,103Nm,
C 1.2i 16V (01-..),55kW,75hk,65Nm,88hk,110Nm,130Nm,
C 1.2i 16V (05-..),55kW,75hk,65Nm,88hk,110Nm,130Nm,
C 1.8 16V (01-04),92kW,125hk,103kW,140hk,170Nm,190Nm,
C 1.6 turbo,kW,150hk,kW,hk,Nm,Nm,
C 1.3 CDTI (04-..)uten / med partikkelfilter,51kW,70hk,70kW,95hk,170Nm,220Nm,
C 1.7 DTI (02-06),48kW,65hk,-,-,130Nm,-,
C 1.7 DI (01-06),55kW,75hk,-,-,132Nm,-,
C 1.7 CDTI (04-..),74kW,100hk,95kW,130hk,240Nm,300Nm,
 , ,, ,, , ,
Frontera B,Ytelse,,Trimming,,Dreiemoment,,
 ,kW,hk,kW,hk,originalt,tuning,
2.2 DTI 16V (99-00),85kW,115hk,103kW,140hk,260Nm,330Nm,
2.2 DTI 16V (01-..),88kW,120hk,110kW,150hk,280Nm,350Nm,
2.5 TDS,85kW,115hk,107kW,145hk,260Nm,315Nm,
 , ,, ,, , ,
Insignia,Ytelse,,Trimming,,Dreiemoment,,
 ,kW,hk,kW,hk,originalt,tuning,
1.6,685W,115hk,96kW,130hk,155Nm,174Nm,
1.8,103kW,140hk,115kW,157hk,175Nm,196Nm,
1.6 turbo,132W,180hk,150kW,204hk,230Nm,265Nm,
2.0 turbo,162kW,220hk,190kW,258hk,350Nm,410Nm,
2.8 turbo,191kW,260hk,217kW,295hk,350Nm,415Nm,
2.0 CDTI,81kW,110hk,95kW,130hk,260Nm,306Nm,
2.0 CDTI,96kW,130hk,113kW,153hk,300Nm,355Nm,
2.0 CDTI,118kW,160hk,138kW,188hk,350Nm,413Nm,
 , ,, ,, , ,
Meriva,Ytelse,,Trimming,,Dreiemoment,,
 ,kW,hk,kW,hk,originalt,tuning,
1.4i (04-...),66kW,90hk,70kW,95hk,125Nm,140Nm,
1.8 16V (01-04),92kW,125hk,103kW,140hk,170Nm,190Nm,
1.3 CDTI (05-..) uten / med partikkelfilter,51kW,70hk,70kW,95hk,170Nm,220Nm,
1.7 DTI (04-06),48kW,65hk,-,-,130Nm,-,
1.7 DI (03-06),55kW,75hk,-,-,132Nm,-,
1.7 CDTI (04-..),74kW,100hk,95kW,130hk,240Nm,300Nm,
 , ,, ,, , ,
Movano II,Ytelse,,Trimming,,Dreiemoment,,
 ,kW,hk,kW,hk,originalt,tuning,
1.9 CDTI (04-..),60kW,82hk,82kW,112hk,260Nm,310Nm,
2.2 CDTI (04-..),66kW,90hk,88kW,120hk,260Nm,310Nm,
2.5 CDTI (04-..),74kW,100hk,96kW,130hk,260Nm,320Nm,
2.5 CDTI (04-..),84kW,115hk,103kW,140hk,290Nm,350Nm,
3.0 CDTI (04-..),100kW,136hk,125kW,171hk,320Nm,400Nm,
 , ,, ,, , ,
Omega B,Ytelse,,Trimming,,Dreiemoment,,
 ,kW,hk,kW,hk,originalt,tuning,
2.0 16V (94-00),100kW,136hk,112kW,152hk,185Nm,210Nm,
2.2 16V (00-03),106kW,144hk,119kW,161hk,205Nm,230Nm,
2.5 24V (94-00),125kW,170hk,140kW,190hk,227Nm,254Nm,
2.6 24V (01-03),125kW,170hk,140kW,190hk,227Nm,254Nm,
3.0 24V (94-00),155kW,210hk,173kW,235hk,270Nm,302Nm,
3.2 24V (01-03),160kW,218hk,180kW,244hk,290Nm,325Nm,
B 2.0 DT 16V,74kW,100hk,91kW,124hk,230Nm,270Nm,
B 2.2 DTI 16V (01-03),88kW,120hk,107kW,146hk,280Nm,350Nm,
B 2.5 TD 12V (96-00),96kW,130hk,-,-,300Nm,-,
B 2.5 DTI 24V (01-03),110kW,150hk,145kW,197hk,300Nm,380Nm,
 , ,, ,, , ,
Signum,Ytelse,,Trimming,,Dreiemoment,,
 ,kW,hk,kW,hk,originalt,tuning,
1.8i 16V (03-..),92kW,125hk,103kW,140hk,170Nm,190Nm,
2.2i 16V (03-..),114kW,155hk,128kW,174hk,220Nm,246Nm,
2.2i 16V (03-..),114kW,155hk,128kW,174hk,220Nm,246Nm,
2.0 T (03-..),129kW,175hk,154kW,210hk,265Nm,320Nm,
2.8 T V6,169kW,230hk,191kW,260hk,330Nm,390Nm,
3.0i 24V V6,155kW,210hk,173kW,235hk,300Nm,336Nm,
1.9 CDTI,74kW,100hk,96kW,130hk,260Nm,320Nm,
1.9 CDTI (04-..),88kW,120hk,114kW,155hk,280Nm,350Nm,
1.9 CDTI (04-..),110kW,150hk,136kW,185hk,320Nm,390Nm,
2.0 DTI (03-..),74kW,100hk,91kW,124hk,235Nm,285Nm,
2.2 DTI,91kW,125hk,110kW,150hk,280Nm,340Nm,
3.0 CDTI V6,135kW,184hk,-,-,400Nm,-,
 , ,, ,, , ,
Sintra,Ytelse,,Trimming,,Dreiemoment,,
 ,kW,hk,kW,hk,originalt,tuning,
2.2 DTI (98-99),85kW,115hk,103kW,140hk,260Nm,330Nm,
 , ,, ,, , ,
Speedster,Ytelse,,Trimming,,Dreiemoment,,
 ,kW,hk,kW,hk,originalt,tuning,
2.0i (01-..),108kW,147hk,-,-,203Nm,-,
2.2i 16V,114kW,155hk,128kW,174hk,220Nm,246Nm,
2.0 T (03-..),147kW,200hk,169kW,230hk,250Nm,315Nm,
 , ,, ,, , ,
Tigra,Ytelse,,Trimming,,Dreiemoment,,
 ,kW,hk,kW,hk,originalt,tuning,
1.0i 12V (04-..),44kW,60hk,51kW,69hk,88Nm,103Nm,
1.2i 16V (04-..),55kW,75hk,65Nm,88hk,110Nm,130Nm,
1.4i (04-...),66kW,90hk,70kW,95hk,125Nm,140Nm,
1.8i 16V (04-..),92kW,125hk,103kW,140hk,170Nm,190Nm,
2.2i 16V (03-..),114kW,155hk,128kW,174hk,220Nm,246Nm,
1.3 CDTI (04-...) uten / med partikkelfilter,51kW,70hk,70kW,95hk,170Nm,220Nm,
 , ,, ,, , ,
Vectra,Ytelse,,Trimming,,Dreiemoment,,
 ,kW,hk,kW,hk,originalt,tuning,
B 1.8i 16V (96-02),85kW,115hk,95kW,129hk,170Nm,190Nm,
C: 1.8i 16V (02-..),81kW,110hk,95kW,129hk,167Nm,190Nm,
2.0 16V (96-00),100kW,136hk,112kW,152hk,185Nm,210Nm,
2.0 T (03-06),129kW,175hk,-,-,265Nm, ,
2.2i 16V (01-02),108kW,147hk,121kW,165hk,203Nm,227Nm,
2.2i 16V (02-..),108kW,147hk,-,-,203Nm,-,
2.2i 16V (03-..),114kW,155hk,128kW,174hk,220Nm,246Nm,
2.5 24V (96-00),125kW,170hk,140kW,190hk,230Nm,255Nm,
2.6 24V (01-02),125kW,170hk,140kW,190hk,250Nm,280Nm,
3.0i 24V V6 (02-..),155kW,210hk,173kW,235hk,300Nm,336Nm,
2.0 Turbo (03-..),129kW,175hk,154kW,210hk,265Nm,320Nm,
2.8 Turbo V6,169kW,230hk,191kW,260hk,330Nm,390Nm,
2.0 DI 16V,60kW,82hk,79kW,107hk,185Nm,235Nm,
2.0 DTI 16V (98-00),74kW,100hk,91kW,124hk,205Nm,265Nm,
2.0 DTI 16V (01-02),74kW,100hk,92kW,125hk,230Nm,280Nm,
2.2 DTI 16V (01-02),91kW,125hk,110kW,150hk,280Nm,340Nm,
1.9 CDTI,74kW,100hk,96kW,130hk,260Nm,320Nm,
1.9 CDTI,88kW,120hk,114kW,155hk,280Nm,350Nm,
1.9 CDTI,110kW,150hk,136kW,185hk,320Nm,390Nm,
3.0 CDTI V6,135kW,184hk,161kW,219hk,400Nm,480Nm,
 , ,, ,, , ,
Vivaro,Ytelse,,Trimming,,Dreiemoment,,
 ,kW,hk,kW,hk,originalt,tuning,
2.0 16V (01-..),88kW,120hk,99kW,134hk,190Nm,212Nm,
1.9 DTI (01-..),60kW,81hk,77kW,105hk,190Nm,250Nm,
1.9DTI (01-..),74kW,100hk,96kW,130hk,240Nm,300Nm,
2.5 DTI (02-..),99kW,135hk,125kW,170hk,310Nm,380Nm,
 , ,, ,, , ,
Zafira,Ytelse,,Trimming,,Dreiemoment,,
 ,kW,hk,kW,hk,originalt,tuning,
1.8i 16V (99-02),85kW,115hk,95kW,129hk,170Nm,190Nm,
1.8i 16V (01-06),92kW,125hk,103kW,140hk,170Nm,190Nm,
2.0 Turbo,141kW,192hk,163kW,222hk,250Nm,315Nm,
2.0 Turbo (01-..),147kW,200hk,169kW,230hk,262Nm,322Nm,
2.0 DI 16V (99-00),60kW,82hk,79kW,107hk,185Nm,235Nm,
2.0 DTI 16V,74kW,100hk,91kW,124hk,230Nm,280Nm,
2.2 DTI 16V,92kW,125hk,110kW,150hk,280Nm,330Nm,
1.9 CDTI,74kW,100hk,96kW,130hk,260Nm,320Nm,
1.9 CDTI,88kW,120hk,114kW,155hk,280Nm,350Nm,
1.9 CDTI,110kW,150hk,136kW,185hk,320Nm,390Nm,
 , ,, ,, , ,
,,,,,,,
Peugot,bilmerke,,,,,,
1007,Original ytelse,,tuning,,Dreiemoment,,
 ,kW,hk,kW,hk,originalt,tuning,
1.4i,55kW,75hk,61kW,84hk,118Nm,131Nm,
1.4i,64kW,88hk,73kW,100hk,133Nm,161Nm,
1.6 16V,80kW,110hk,90kW,122hk,147Nm,161Nm,
1.4 HDI,50kW,68hk,70kW,95hk,160Nm,220Nm,
 , ,, ,, , ,
3008,Original ytelse,,tuning,,Dreiemoment,,
 ,kW,hk,kW,hk,originalt,tuning,
1.6 HDI,80kW,109hk,103kW,139hk,240Nm,300Nm,
1.6 HDI 2011-..,82kW,112hk,106kW,145hk,270Nm,340Nm,
2.0 HDI f,110kW,150hk,139kW,190hk,340Nm,440Nm,
 , ,, ,, , ,
5008,Original ytelse,,tuning,,Dreiemoment,,
 ,kW,hk,kW,hk,originalt,tuning,
1.6 HDI,80kW,109hk,103kW,139hk,240Nm,300Nm,
1.6 HDI 2011-..,82kW,112hk,106kW,145hk,270Nm,340Nm,
2.0 HDI f,110kW,150hk,139kW,190hk,340Nm,440Nm,
 , ,, ,, , ,
107,Original ytelse,,tuning,,Dreiemoment,,
 ,kW,hk,kW,hk,originalt,tuning,
1.0 VVT-i,50kW,68hk,57kW,78hk,93Nm,103Nm,
 , ,, ,, , ,
106 ser.2,Original ytelse,,tuning,,Dreiemoment,,
 ,kW,hk,kW,hk,originalt,tuning,
1.1 i etter 2000,44kW,60hk,51kW,69hk,94Nm,105Nm,
1.4 i etter 2000,55kW,75hk,62kW,85hk,120Nm,136Nm,
1.6 i 16V e.2000,80kW,109hk,88kW,120hk,147Nm,167Nm,
1.6 i 16V e.2000,87kW,120hk,99kW,135hk,145Nm,165Nm,
 , ,, ,, , ,
206 /207,Original ytelse,,tuning,,Dreiemoment,,
 ,kW,hk,kW,hk,originalt,tuning,
BENSIN:, , , , , , ,
1.1 i etter 2000,44kW,60hk,51kW,69hk,94Nm,105Nm,
1.4 i etter 2000,55kW,75hk,62kW,85hk,120Nm,136Nm,
1.6 i 16V e.2000,80kW,109hk,88kW,120hk,147Nm,167Nm,
2.0 i 16V e.2000,100kW,136hk,112kW,152hk,190Nm,210Nm,
DIESEL:, , , , , , ,
1.4 HDI,50kW,68hk,70kW,95hk,160Nm,220Nm,
1.6 HDI,66kW,90hk,92kW,125hk,215Nm,280Nm,
1.6 HDI,80kW,109hk,103kW,139hk,240Nm,300Nm,
2.0 HDI 1999-2004,66kW,90hk,85kW,115hk,205Nm,253Nm,
2.0 HDI 1999-2004,79kW,107hk,103kW,140hk,250Nm,290Nm,
2.0 HDI 1999-2004,100kW,136hk,121kW,165hk,320Nm,380Nm,
 , ,, ,, , ,
306 / 307 /308,Original ytelse,,tuning,,Dreiemoment,,
 ,kW,hk,kW,hk,originalt,tuning,
BENSIN:, , , , , , ,
1.4 i etter 2000,65kW,88hk,73kW,99hk,133Nm,149Nm,
1.6 i 16V e.2000,72kW,98hk,81kW,110hk,135Nm,155Nm,
1.6 i 16V e.2000,80kW,109hk,88kW,120hk,147Nm,167Nm,
2.0 i 16V e.2000,100kW,136hk,110kW,150hk,190Nm,210Nm,
2.0 i 16V e.2000,103kW,140hk,86kW,117hk,195Nm,215Nm,
2.0 i 16V e.2000,125kW,170hk,140kW,190hk,202Nm,226Nm,
2.0 i 16V e.2000,130kW,177hk,146kW,198hk,202Nm,226Nm,
DIESEL:, , , , , , ,
1.4 HDI,50kW,68hk,70kW,95hk,160Nm,220Nm,
1.6 HDI,66kW,90hk,92kW,125hk,215Nm,280Nm,
1.6 HDI,80kW,109hk,103kW,139hk,240Nm,300Nm,
2.0 HDI 1999-2004,66kW,90hk,85kW,115hk,205Nm,253Nm,
2.0 HDI 1999-2004,79kW,107hk,103kW,140hk,250Nm,290Nm,
2.0 HDI 2008-...,100kW,136hk,121kW,165hk,320Nm,380Nm,
 , ,, ,, , ,
406 / 407,Original ytelse,,tuning,,Dreiemoment,,
 ,kW,hk,kW,hk,originalt,tuning,
BENSIN:, , , , , , ,
1.8 i etter 2001,85kW,115hk,95kW,129hk,160Nm,180Nm,
2.0 i 16V e.2000,101kW,138hk,112kW,152hk,190Nm,210Nm,
2.2 i 16V e.2000,116kW,160hk,112kW,152hk,217Nm,220Nm,
3.0 i 16V e.2000,152kW,210hk,95kW,130hk,285Nm,316Nm,
DIESEL:, , , , , , ,
1.6 HDI,80kW,109hk,103kW,139hk,240Nm,300Nm,
2.0 HDI 1999-2004,66kW,90hk,85kW,115hk,205Nm,253Nm,
2.0 HDI 1999-2004,79kW,107hk,103kW,140hk,250Nm,290Nm,
2.0 HDI 2004-..,100kW,136hk,121kW,165hk,320Nm,380Nm,
2.2 HDI,98kW,133hk,117kW,160hk,314Nm,390Nm,
 , ,, ,, , ,
607,Original ytelse,,tuning,,Dreiemoment,,
 ,kW,hk,kW,hk,originalt,tuning,
BENSIN:, , , , , , ,
2.2 i 16V,116kW,160hk,136kW,185hk,217Nm,241Nm,
3.0 i 16V,152kW,210hk,95kW,130hk,285Nm,316Nm,
DIESEL:, , , , , , ,
2.2 HDI,98kW,133hk,117kW,160hk,314Nm,390Nm,
2.7 HDI V6,150kW,204hk,176kW,212hk,440Nm,520Nm,
 , ,, ,, , ,
806 / 807,Original ytelse,,tuning,,Dreiemoment,,
 ,kW,hk,kW,hk,originalt,tuning,
BENSIN:, , , , , , ,
2.0 i 16V,101kW,138hk,112kW,152hk,190Nm,210Nm,
2.2 i 16V,116kW,160hk,112kW,152hk,217Nm,220Nm,
3.0 i 16V,152kW,210hk,95kW,130hk,285Nm,316Nm,
DIESEL:, , , , , , ,
1.6 HDI,80kW,109hk,103kW,139hk,240Nm,300Nm,
2.0 HDI,79kW,107hk,103kW,140hk,250Nm,290Nm,
2.0 HDI 2007-,88kW,120hk,kW109,hk148,300Nm,360Nm,
2.2 HDI,98kW,133hk,117kW,160hk,314Nm,390Nm,
 , ,, ,, , ,
Boxer,Original ytelse,,tuning,,Dreiemoment,,
 ,kW,hk,kW,hk,originalt,tuning,
2.0 i bensin,80kW,110hk,90kW,123hk,168Nm,195Nm,
2.0 HDI,62kW,84hk,80kW,110hk,192Nm,260Nm,
2.2 HDI,74kW,101hk,96kW,130hk,240Nm,300Nm,
2.8 HDI,94kW,128hk,118kW,160hk,314Nm,354Nm,
 , ,, ,, , ,
Expert,Original ytelse,,tuning,,Dreiemoment,,
 ,kW,hk,kW,hk,originalt,tuning,
2.0 i bensin,101kW,138hk,112kW,152hk,190Nm,210Nm,
2.0 HDI,69kW,94hk,89kW,121hk,215Nm,255Nm,
2.0 HDI,80kW,109hk,100kW,136hk,250Nm,290Nm,
 , ,, ,, , ,
Partner,Original ytelse,,tuning,,Dreiemoment,,
 ,kW,hk,kW,hk,originalt,tuning,
BENSIN:, , , , , , ,
1.4 i etter 2000,55kW,75hk,62kW,85hk,120Nm,136Nm,
1.6 i 16V e.2000,80kW,109hk,88kW,120hk,147Nm,167Nm,
DIESEL:, , , , , , ,
1.6 HDI,55kW,75hk,78kW,106hk,150Nm,224Nm,
1.6 HDI,66kW,90hk,85kW,115hk,215Nm,270Nm,
2.0 HDI,66kW,90hk,85kW,115hk,205Nm,253Nm,
,,,,,,,
,,,,,,,
Porche,bilmerke,,,,,,
Cayenne,Ytelse,,Trimming,,Dreiemoment,,
 ,kW,hk,kW,hk,originalt,tuning,
"Cayenne 3,2 V6",184W,250hk,kW,hk,310Nm,Nm,
"Cayenne S 4,5 V8",250kW,340hk,261kW,355hk,420Nm,445Nm,
"4,5 V8 turbo",331kW,450hk,375kW,510hk,620Nm,700Nm,
"4,5 V8 turbo",383kW,520hk,kW,hk,720Nm,Nm,
DIESEL:, ,, ,, , ,
3.0 TDI (stage 1),176kW,240hk,216Nm,294hk,550Nm,632Nm,
 , ,, ,, , ,
996,Ytelse,,Trimming,,Dreiemoment,,
 ,kW,hk,kW,hk,originalt,tuning,
"996 3,4i (98-2001",224kW,300hk,235kW,320hk,350Nm,370Nm,
"996 3,6i (2002-2004",239kW,320hk,249kW,339hk,370Nm,390Nm,
"996 3,6i turbo",311kW,420hk,353kW,480hk,560Nm,652Nm,
 , ,, ,, , ,
997,Ytelse,,Trimming,,Dreiemoment,,
 ,kW,hk,kW,hk,originalt,tuning,
"Carrera 3,6i",239kW,320hk,249kW,339hk,370Nm,390Nm,
"997 3,6i turbo",353kW,480hk,388kW,530hk,620Nm,740Nm,
"Carrera S 3,8i",268kW,360hk,274kW,370hk,400Nm,420Nm,
 , ,, ,, , ,
Boxter,Ytelse,,Trimming,,Dreiemoment,,
 ,kW,hk,kW,hk,originalt,tuning,
"Boxter 2,5i",150kW,204hk,164kW,223hk,245Nm,280Nm,
"Boxter 2,5i",162kW,220hk,176kW,239hk,260Nm,295Nm,
"Boxter 2,7i",168kW,228hk,182kW,248hk,260Nm,295Nm,
"Boxter S 3,2i",185kW,252hk,199kW,271hk,305Nm,340Nm,
 , , , , , , ,
Cayman,Ytelse,,Trimming,,Dreiemoment,,
 ,kW,hk,kW,hk,originalt,tuning,
"2,7i",181kW,245hk,kW,hk,Nm,Nm,
"3,4i",218kW,295hk,kW,hk,Nm,Nm,
,,,,,,,
Rover,bilmerke,,,,,,
Rover 25,Ytelse,,Trimming,,Dreiemoment,,
 ,kW,hk,kW,hk,originalt,tuning,
2.0 TDI,74kW,100hk,96kW,130hk,240Nm,300Nm,
 , ,, ,, , ,
Rover 45,Ytelse,,Trimming,,Dreiemoment,,
 ,kW,hk,kW,hk,originalt,tuning,
2.0 TD,74kW,100hk,96kW,130hk,240Nm,300Nm,
 , ,, ,, , ,
Rover 75,Ytelse,,Trimming,,Dreiemoment,,
 ,kW,hk,kW,hk,originalt,tuning,
BENSIN:, ,, ,, , ,
1.8 i,88kW,120hk,98kW,134hk,160Nm,179Nm,
1.8 T,110kW,150hk,128kW,175hk,215Nm,260Nm,
2.0 i,110kW,150hk,123kW,168hk,185Nm,207Nm,
2.5 i,130kW,177hk,145kW,198hk,240Nm,268Nm,
DIESEL:, ,, ,, , ,
2.0 CDT,85kW,115hk,110kW,150hk,260Nm,320Nm,
2.0 CDTI,96kW,130hk,118kW,160hk,300Nm,360Nm,
,,,,,,,
,,,,,,,
Saab,bilmerke,,,,,,
Rover 25,Ytelse,,Trimming,,Dreiemoment,,
 ,kW,hk,kW,hk,originalt,tuning,
2.0 TDI,74kW,100hk,96kW,130hk,240Nm,300Nm,
 , ,, ,, , ,
Rover 45,Ytelse,,Trimming,,Dreiemoment,,
 ,kW,hk,kW,hk,originalt,tuning,
2.0 TD,74kW,100hk,96kW,130hk,240Nm,300Nm,
 , ,, ,, , ,
Rover 75,Ytelse,,Trimming,,Dreiemoment,,
 ,kW,hk,kW,hk,originalt,tuning,
BENSIN:, ,, ,, , ,
1.8 i,88kW,120hk,98kW,134hk,160Nm,179Nm,
1.8 T,110kW,150hk,128kW,175hk,215Nm,260Nm,
2.0 i,110kW,150hk,123kW,168hk,185Nm,207Nm,
2.5 i,130kW,177hk,145kW,198hk,240Nm,268Nm,
DIESEL:, ,, ,, , ,
2.0 CDT,85kW,115hk,110kW,150hk,260Nm,320Nm,
2.0 CDTI,96kW,130hk,118kW,160hk,300Nm,360Nm,
,,,,,,,
,,,,,,,
Seat,bilmerke,,,,,,
Alhambra,Original ytelse,,trimming,,Dreiemoment,,
 ,kW,hk,kW,hk,originalt,trimming,
1.8 Turbo,110kW,150hk,140kW,195hk,210Nm,260Nm,
1.8 Turbo,110kW,150hk,140kW,195hk,210Nm,260Nm,
1.8 Turbo,132kW,180hk,154kW,225hk,235Nm,290Nm,
1.9 TDI før 2001,66kW,90hk,85kW,120hk,210Nm,251Nm,
1.9 TDI etter 2001,66kW,90hk,85kW,120hk,210Nm,251Nm,
1.9 TDI,74kW,100hk,99kW,135hk,240Nm,290Nm,
1.9 TDI før 2001,81kW,110hk,103kW,140hk,235Nm,288Nm,
1.9 TDI etter 2001,81kW,110hk,103kW,140hk,235Nm,288Nm,
1.9 TDI,85kW,115hk,110kW,150hk,310Nm,360Nm,
1.9 TDI,96kW,130hk,121kW,165hk,310Nm,380Nm,
1.9 TDI,110kW,150hk,132kW,180hk,320Nm,380Nm,
 , ,, ,, , ,
Altea (2004-...),Original ytelse,,trimming,,Dreiemoment,,
 ,kW,hk,kW,hk,originalt,trimming,
1.9 TDI,77kW,105hk,103kW,140hk,250Nm,340Nm,
2.0 TDI,103kW,140hk,128kW,175hk,320Nm,410Nm,
 , ,, ,, , ,
Arosa,Original ytelse,,trimming,,Dreiemoment,,
 ,kW,hk,kW,hk,originalt,trimming,
1.4 TDI,55kW,75hk,74kW,100hk,195Nm,245Nm,
 , ,, ,, , ,
Cordoba,Original ytelse,,trimming,,Dreiemoment,,
 ,kW,hk,kW,hk,originalt,trimming,
1.8 Turbo,110kW,150hk,140kW,195hk,210Nm,260Nm,
1.8 Turbo,110kW,150hk,140kW,195hk,210Nm,260Nm,
1.8 Turbo,132kW,180hk,154kW,225hk,235Nm,290Nm,
2.0 T FSI,147kW,200hk,184kW,250hk,280Nm,352Nm,
1.4 TDI,55kW,75hk,74kW,100hk,195Nm,245Nm,
1.4 TDI,59kW,80hk,81kW,110hk,195Nm,255Nm,
1.9 TDI før 2001,66kW,90hk,85kW,120hk,210Nm,251Nm,
1.9 TDI etter 2001,66kW,90hk,85kW,120hk,210Nm,251Nm,
1.9 TDI,74kW,100hk,99kW,135hk,240Nm,290Nm,
1.9 TDI før 2001,81kW,110hk,103kW,140hk,235Nm,288Nm,
1.9 TDI etter 2001,81kW,110hk,103kW,140hk,235Nm,288Nm,
1.9 TDI,96kW,130hk,121kW,165hk,310Nm,380Nm,
 , ,, ,, ,,
Ibiza,Original ytelse,,trimming,,Dreiemoment,,
 ,kW,hk,kW,hk,originalt,trimming,
1.8 Turbo,110kW,150hk,140kW,195hk,210Nm,260Nm,
1.8 Turbo,110kW,150hk,140kW,195hk,210Nm,260Nm,
1.8 Turbo,132kW,180hk,154kW,225hk,235Nm,290Nm,
2.0 T FSI,147kW,200hk,184kW,250hk,280Nm,352Nm,
1.4 TDI,55kW,75hk,74kW,100hk,195Nm,245Nm,
1.4 TDI,59kW,80hk,81kW,110hk,195Nm,255Nm,
1.9 TDI før 2001,66kW,90hk,85kW,120hk,210Nm,251Nm,
1.9 TDI etter 2001,66kW,90hk,85kW,120hk,210Nm,251Nm,
1.9 TDI,74kW,100hk,99kW,135hk,240Nm,290Nm,
1.9 TDI før 2001,81kW,110hk,103kW,140hk,235Nm,288Nm,
1.9 TDI etter 2001,81kW,110hk,103kW,140hk,235Nm,288Nm,
1.9 TDI,96kW,130hk,121kW,165hk,310Nm,380Nm,
 , ,, ,, , ,
Leon,Original ytelse,,trimming,,Dreiemoment,,
 ,kW,hk,kW,hk,originalt,trimming,
1.8 Turbo,110kW,150hk,140kW,195hk,210Nm,260Nm,
1.8 Turbo,110kW,150hk,140kW,195hk,210Nm,260Nm,
1.8 Turbo,132kW,180hk,154kW,225hk,235Nm,290Nm,
2.0 T FSI,147kW,200hk,184kW,250hk,280Nm,352Nm,
1.8T 20V Cupra R,154kW,210hk,177kW,240hk,270Nm,350Nm,
1.8T 20V Cupra R,165kW,225hk,188kW,255hk,280Nm,250Nm,
1.9 TDI før 2001,66kW,90hk,85kW,120hk,210Nm,251Nm,
1.9 TDI etter 2001,66kW,90hk,85kW,120hk,210Nm,251Nm,
1.9 TDI,74kW,100hk,99kW,135hk,240Nm,290Nm,
1.9 TDI før 2001,81kW,110hk,103kW,140hk,235Nm,288Nm,
1.9 TDI etter 2001,81kW,110hk,103kW,140hk,235Nm,288Nm,
1.9 TDI,96kW,130hk,121kW,165hk,310Nm,380Nm,
1.9 TDI,110kW,150hk,132kW,180hk,320Nm,380Nm,
2.0 TDI etter 2004,103kW,140hk,128kW,175hk,320Nm,410Nm,
 , ,, ,, , ,
Toledo,Original ytelse,,trimming,,Dreiemoment,,
 ,kW,hk,kW,hk,originalt,trimming,
1.8 Turbo,110kW,150hk,140kW,195hk,210Nm,260Nm,
1.8 Turbo,110kW,150hk,140kW,195hk,210Nm,260Nm,
1.8 GTI Turbo,132kW,180hk,154kW,225hk,235Nm,290Nm,
1.9 TDI før 2001,66kW,90hk,85kW,120hk,210Nm,251Nm,
1.9 TDI etter 2001,66kW,90hk,85kW,120hk,210Nm,251Nm,
1.9 TDI etter 2004,77kW,105hk,103kW,140hk,250Nm,303Nm,
1.9 TDI,74kW,100hk,99kW,135hk,240Nm,290Nm,
1.9 TDI før 2001,81kW,110hk,106kW,145hk,235Nm,288Nm,
1.9 TDI etter 2001,81kW,110hk,106kW,145hk,235Nm,288Nm,
1.9 TDI,85kW,115hk,110kW,150hk,310Nm,360Nm,
1.9 TDI,96kW,130hk,121kW,165hk,310Nm,380Nm,
1.9 TDI,110kW,150hk,132kW,180hk,320Nm,380Nm,
2.0 TDI etter 2004,103kW,140hk,128kW,175hk,320Nm,410Nm,
,,,,,,,
,,,,,,,
,,,,,,,
,,,,,,,
skoda,bilmerke,,,,,,
Fabia,Original ytelse,,tuning,,Dreiemoment,,Metode
 ,kW,hk,kW,hk,originalt,tuning,
1.4 TDI,51kW,70hk,70kW,95hk,155Nm,205Nm,obd
1.4 TDI før 2001,55kW,75hk,74kW,100hk,195Nm,245Nm,chip
1.4 TDI etter 2001,55kW,75hk,74kW,100hk,195Nm,245Nm,obd
1.4 TDI,59kW,80hk,81kW,110hk,195Nm,255Nm,obd
1.9 TDI,74kW,100hk,99kW,135hk,240Nm,290Nm,obd
1.9 TDI RS,96kW,130hk,121kW,166hk,310Nm,405Nm,obd
 , ,, ,, , ,
Octavia,Original ytelse,,tuning,,Dreiemoment,,
 ,kW,hk,kW,hk,originalt,tuning,
1.6 TDI,66kW,90hk,104kW,142hk,230Nm,315Nm,CMDobd*
1.6 TDI,77kW,105hk,104kW,142hk,250Nm,315Nm,CMDobd*
1.9 TDI før 2001,66kW,90hk,85kW,115hk,210Nm,251Nm,chip
1.9 TDI etter 2001,66kW,90hk,85kW,115hk,210Nm,251Nm,obd
1.9 TDI,74kW,100hk,99kW,135hk,240Nm,290Nm,obd
1.9 TDI før 2004,77kW,105hk,103kW,140hk,250Nm,300Nm,obd
1.9 TDI EDC16 etter 2004,77kW,105hk,98kW,150hk,250Nm,300Nm,obd
1.9 TDI før 2001,81kW,110hk,106kW,145hk,235Nm,288Nm,chip
1.9 TDI etter 2001,81kW,110hk,106kW,145hk,235Nm,288Nm,obd
1.9 TDI,96kW,130hk,121kW,165hk,310Nm,380Nm,obd
2.0 TDI,103kW,140hk,136kW,185hk,320Nm,410Nm,obd
2.0 TDI RS,125kW,170hk,150kW,205hk,350Nm,420Nm,obd
1.8 Turbo (98-00),110kW,150hk,145kW,195hk,210Nm,270Nm,chip
1.8 Turbo (98-04),110kW,150hk,145kW,195hk,210Nm,270Nm,obd / TB / chip*
1.8 Turbo (01-04),132kW,180hk,163kW,220hk,235Nm,300Nm,obd / TB
 , ,, ,, , ,
Superb,Original ytelse,,tuning,,Dreiemoment,,
 ,kW,hk,kW,hk,originalt,tuning,
1.6 TDI,77kW,105hk,104kW,142hk,250Nm,315Nm,CMDobd*
1.9 TDI,74kW,100hk,99kW,135hk,240Nm,290Nm,obd
1.9 TDI,96kW,130hk,121kW,165hk,285Nm,380Nm,obd
2.5 TDI,114kW,155hk,136kW,185hk,310Nm,360Nm,chip
2.5 TDI,120kW,163hk,136kW,185hk,310Nm,390Nm,obd
1.8 Turbo,110kW,150hk,140kW,190hk,210Nm,260Nm,obd / TB
"2,8i V6",143kW,193hk,160kW,216hk,280Nm, ,obd
 , ,, ,, , ,
Roomster,Original ytelse,,tuning,,Dreiemoment,,
 ,kW,hk,kW,hk,originalt,tuning,
1.4 TDI,55kW,75hk,74kW,100hk,195Nm,245Nm,obd
1.6 TDI,66kW,90hk,104kW,142hk,230Nm,315Nm,CMDobd*
1.6 TDI,77kW,105hk,104kW,142hk,250Nm,315Nm,CMDobd*
"1,9 TDI",77kW,105hk,99kW,135hk,250Nm,300Nm,obd
2.0 TDI,103kW,140hk,136kW,185hk,320Nm,410Nm,obd
,,,,,,,
,,,,,,,
Smart,bilmerke,,,,,,
Smart (alle),Ytelse,,Trimming,,Dreiemoment,,
 ,kW,hk,kW,hk,originalt,tuning,
45 hk,33kW,45hk,40kW,55hk,70Nm,85Nm,
50 hk,37kW,50hk,51kW,70hk,80Nm,120Nm,
55 hk,40kW,55hk,57kW,78hk,80Nm,130Nm,
61 hk,45kW,61hk,57kW,78hk,88Nm,130Nm,
61 hk,45kW,61hk,60kW,82hk,95Nm,140Nm,
75 hk,55kW,75hk,74kW,100hk,110Nm,140Nm,
82 hk,60kW,82hk,80kW,109hk,110Nm,150Nm,
CDI,30kW,41hk,47kW,64hk,100Nm,160Nm,
CDI,33kW,45hk,50kW,68hk,110Nm,16060,
Crossblade,52kW,70hk,62kW,85hk,108Nm,130Nm,
 , , , , , , ,
Smart Forfour,Ytelse,,Trimming,,Dreiemoment,,
 ,kW,hk,kW,hk,originalt,tuning,
68 hk,50kW,68hk,70kW,95hk,160Nm,210Nm,
95 hk,70kW,95hk,88kW,120hk,210Nm,250Nm,
,,,,,,,
,,,,,,,
,,,,,,,
,,,,,,,
SsangYong,bilmerke,,,,,,
Rexton,Ytelse,,Trimming,,Dreiemoment,,
 ,kW,hk,kW,hk,originalt,tuning,
270 Xdi,121kW,165hk,149kW,203hk,345Nm,400Nm,
270 XVT,137kW,185hk,160kW,218hk,402Nm,482Nm,
 , ,, ,, , ,
Rodius,Ytelse,,Trimming,,Dreiemoment,,
 ,kW,hk,kW,hk,originalt,tuning,
270 Xdi,121kW,165hk,149kW,203hk,345Nm,400Nm,
270 XVT,137kW,185hk,160kW,218hk,402Nm,482Nm,
 , ,, ,, , ,
Actyon,Ytelse,,Trimming,,Dreiemoment,,
 ,kW,hk,kW,hk,originalt,tuning,
2.0 Xdi,104kW,141hk,125kW,170hk,310Nm,386Nm,
 , ,, ,, , ,
Kyron,Ytelse,,Trimming,,Dreiemoment,,
 ,kW,hk,kW,hk,originalt,tuning,
2.0 Xdi,104kW,141hk,125kW,170hk,310Nm,386Nm,
,,,,,,,
,,,,,,,
Suzuki,bilmerke,,,,,,
XL7 / Grand Vitara,Ytelse,,Trimming,,Dreiemoment,,
 ,kW,hk,kW,hk,originalt,tuning,
2.0 HDI,80W,109hk,103kW,140hk,250Nm,320Nm,
"1,9 DDiS",95kW,129hk,119kW,161hk,300Nm,380Nm,
,,,,,,,
,,,,,,,
Toyota,bilmerke,,,,,,
Yaris / Verso / Aygo,Ytelse,,Trimming,,Dreiemoment,,
 ,kW,hk,kW,hk,originalt,tuning,
"1,4 D4D",55kW,75hk,74kW,101hk,170Nm,220Nm,
1.0 VVT-i,51kW,69hk, ,,93Nm, ,
"XP9 1,4 D-4D",66kW,90hk,89kW,120hk,190Nm,250Nm,
 , ,, ,, , ,
Avensis,Ytelse,,Trimming,,Dreiemoment,,
 ,kW,hk,kW,hk,originalt,tuning,
"2,0 D4D",93kW,126hk,109kW,146hk,300Nm,354Nm,
 , ,, ,, , ,
Corolla / Auris,Ytelse,,Trimming,,Dreiemoment,,
 ,kW,hk,kW,hk,originalt,tuning,
"1,4 D-4D",66kW,90hk,89kW,120hk,190Nm,250Nm,
 , ,, ,, , ,
Hiace,Ytelse,,Trimming,,Dreiemoment,,
 ,kW,hk,kW,hk,originalt,tuning,
"2,4 D-4D",75kW,102hk,88kW,120hk,260Nm,306Nm,
 , ,, ,, , ,
Hilux,Ytelse,,Trimming,,Dreiemoment,,
 ,kW,hk,kW,hk,originalt,tuning,
"2,4 D-4D",75kW,102hk,88kW,120hk,260Nm,306Nm,
 , ,, ,, , ,
RAV4,Ytelse,,Trimming,,Dreiemoment,,
 ,kW,hk,kW,hk,originalt,tuning,
RAV4 2.0 D-4D,86kW,116hk,107kW,145hk,250Nm,325Nm,
RAV4 2.2 D-4D (2007-..),100kW,136hk,118kW,160hk,310Nm,365Nm,
 , ,, ,, , ,
Landcruiser, ,, ,, ,,
Landcruiser D-4D 163hk,120kW,163hk,142kW,193hk,343Nm,410Nm,
Landcruiser D-4D 166hk,122kW,166hk,143kW,195hk,410Nm,450Nm,
"Landcruiser D-4D 177hk (2007-,,)",127kW,173hk,140kW,201hk,410Nm,455Nm,
,,,,,,,
,,,,,,,
Volvo,bilmerke,,,,,,
850,Ytelse,,Tuning,,Dreiemoment,,
 ,kW,hk,kW,hk,originalt,tuning,
BENSIN:, ,, ,, , ,
2.0 95-96,93kW,126hk,102kW,hk139,170Nm,190Nm,
AWD 97-98,142kW,193hk,169kW,230hk,270Nm,350Nm,
R,184kW,250hk,202kW,275hk,340Nm,420Nm,
T-5,166kW,226hk,202kW,275hk,300Nm,400Nm,
T-5R 1996,176kW,239hk,202kW,275hk,330Nm,410Nm,
DIESEL:, ,, ,, , ,
TDI 1996,103kW,140hk,128kW,174hk,290Nm,330Nm,
 , ,, ,, , ,
940,Ytelse,,Tuning,,Dreiemoment,,
 ,kW,hk,kW,hk,originalt,tuning,
Softturbo (etter 1997),99,135,121,160,230Nm,255Nm,
 , , , , , , ,
 , , , , , , ,
 , , , , , , ,
S40 / V40/ V50 / C30,Ytelse,,Tuning,,Dreiemoment,,
 ,kW,hk,kW,hk,originalt,tuning,
Bensin:, , , , , , ,
1.8 (04-), ,125hk, , ,165Nm, ,
2.0T (98-00),118kW,160hk,147kW,200hk,230Nm,310Nm,
2.0 T3 (01-04),120kW,163hk,150kW,204hk,240Nm,320Nm,
2.0 T4,147kW,200hk,172kW,234hk,300Nm,360Nm,
2.5T T5,162kW,220hk,191kW,260hk,320Nm,380Nm,
Diesel:, , , , , , ,
1.6 TDI,81kW,110hk,99kW,135hk,240Nm,300Nm,
1.9Dci,85kW,115hk,103kW,140hk,265Nm,340Nm,
1.9TDI,75kW,102hk,88kW,120hk,215Nm,300Nm,
1.9TD (99-00),70kW,95hk,91kW,124hk,190Nm,240Nm,
2.0 TDI,100kW,136hk,121kW,166hk,320Nm,400Nm,
 , ,, ,, , ,
S60,Ytelse,,Tuning,,Dreiemoment,,
 ,kW,hk,kW,hk,originalt,tuning,
Bensin:, , , , , , ,
2.4,103kW,140hk,- - -,- - -, , ,
2.4,125kW,170hk,- - -,- - -, , ,
2.0T,132kW,180hk,158kW,215hk,240Nm,300Nm,
2.3 T,185kW,250hk,158kW,282hk,330Nm,405Nm,
2.5T AWD,154kW,210hk,179kW,243hk,320Nm,385Nm,
2.4 T3,147kW,200hk,172kW,234hk,285Nm,380Nm,
"2,4 T4",162kW,220hk,202kW,275hk,350Nm,410Nm,
"2,4 T5",191kW,260hk,210kW,285hk,350Nm,410Nm,
R,220kW,300hk,246kW,335hk,400Nm,450Nm,
Diesel:, , , , , , ,
2.4D,96kW,130hk,118kW,160hk,280Nm,360Nm,
2.4D T4,100kW,136hk,121kW,166hk,300Nm,380Nm,
2.4D T5,100kW,136hk,121kW,166hk,300Nm,380Nm,
D5 2.4,120kW,163hk,143kW,200hk,340Nm,420Nm,
2.4D (2008-...),120kW,163hk,143kW,200hk,340Nm,420Nm,
D5 2.4,132kW,185hk,160kW,220hk,400Nm,480Nm,
 , ,, ,, , ,
"V70 / XC70 / 
S70 / C70",Ytelse,,Tuning,,Dreiemoment,,
 ,kW,hk,kW,hk,originalt,tuning,
Bensin:, , , , , , ,
2.0 T3,120kW,163hk,148kW,208hk,230Nm,310Nm,
2.0 T5,132kW,180hk,158kW,230hk,240Nm,310Nm,
2.3 T3,184kW,250hk,202kW,275hk,340Nm,420Nm,
2.3 T7,147kW,200hk,172kW,234hk,285Nm,380Nm,
2.3 T5R (-T3),176kW,239hk,200kW,270hk,330Nm,410Nm,
2.3 T5R (-T4),184kW,250hk,202kW,275hk,340Nm,420Nm,
2.4,103kW,140hk,125kW,170hk, , ,
2.4,125kW,170hk,- - -,- - -, , ,
2.4 T,142kW,193hk,173kW,243hk,270Nm,343Nm,
2.4 T3,147kW,200hk,172kW,234hk,285Nm,380Nm,
2.5 T2,154kW,210hk,179kW,243hk,320Nm,385Nm,
2.5T,142kW,193hk,164kW,223hk,270Nm,310Nm,
2.5 T5,191kW,260hk,210kW,285hk,350Nm,410Nm,
2.9 T6,200kW,272hk,228kW,310hk,380Nm,450Nm,
"2,5 T4",220kW,300hk,250kW,340hk,400Nm,470Nm,
Diesel:, , , , , , ,
1.6D 2011-...,180kW,109hk,103kW,139hk,240Nm,295Nm,
2.0 TDI 2008-...,100kW,136hk,121kW,166hk,320Nm,400Nm,
D3 2011-...,110kW,150hk,143kW,200hk,400Nm,480Nm,
D3 2010-...,120kW,163hk,143kW,200hk,400Nm,480Nm,
2.5 TDI 2000-01,103kW,140hk,128kW,174hk,290Nm,330Nm,
2.4D T6 2005-,90kW,122hk,113kW,152hk,300Nm,370Nm,
2.4D T7 2005-,92kW,126hk,136kW,185hk,300Nm,400Nm,
2.4D T7 powerversion,90kW,126hk,165kW,225hk,300Nm,455Nm,
2.4D T2 2002-,96kW,130hk,120kW,163hk,280Nm,340Nm,
2.4D T2 powerversion,96kW,130hk,143kW,200hk,280Nm,420Nm,
D5 2.4 T 2002-05,120kW,163hk,143kW,200hk,340Nm,420Nm,
2.4D (2008-...),120kW,163hk,143kW,200hk,340Nm,420Nm,
D5 2.4 2010-,129kW,175hk,157kW,215hk,420Nm,512Nm,
D4 2011-...,130kW,177hk,1162kW,220hk,400Nm,480Nm,
D5 2.4 T4 2005-,132kW,185hk,160kW,220hk,400Nm,480Nm,
D5 2.4 2010-,151kW,205hk,183kW,249hk,420Nm,512Nm,
 , ,, ,, , ,
XC90,Ytelse,,Tuning,,Dreiemoment,,
 ,kW,hk,kW,hk,originalt,tuning,
Bensin:, , , , , , ,
2.5 T2,154kW,210hk,179kW,243hk,320Nm,385Nm,
2.9 T6,200kW,272hk,228kW,310hk,380Nm,450Nm,
Diesel:, , , , , , ,
D5 2.4 (....-2007),120kW,163hk,143kW,200hk,340Nm,420Nm,
2.4D (2008-...),120kW,163hk,143kW,200hk,340Nm,420Nm,
D5 2.4 (2007-2008),132kW,185hk,160kW,220hk,400Nm,480Nm,
 , ,, ,, , ,
S80,Ytelse,,Tuning,,Dreiemoment,,
 ,kW,hk,kW,hk,originalt,tuning,
Bensin:, , , , , , ,
2.0 T3,120kW,163hk,148kW,208hk,230Nm,310Nm,
2.0T,132kW,180hk,158kW,215hk,240Nm,300Nm,
2.5T,154kW,210hk,184kW,250hk,320Nm,370Nm,
T6,200kW,272hk,224kW,305hk,380Nm,460Nm,
Diesel:, , , , , , ,
2.4D,96kW,130hk,118kW,160hk,280Nm,360Nm,
"2,5 TDI 99-02",103kW,140hk,128kW,174hk,290Nm,330Nm,
D5 2.4,120kW,163hk,143kW,200hk,340Nm,420Nm,
D5 2.4,132kW,185hk,160kW,220hk,400Nm,480Nm,
,,,,,,,
,,,,,,,
,,,,,,,
Volvswagon,bilmerke,,,,,,
Lupo,Original ytelse,,trimmet,,Dreiemoment,,
 ,kW,hk,kW,hk,originalt,trimmet,
1.2 TDI,45kW,61hk,66kW,90hk,140Nm,205Nm,
1.4 TDI,55kW,75hk,74kW,100hk,195Nm,245Nm,
1.6 GTI 16V,92kW,125hk,103kW,140hk,152Nm,170Nm,
 , ,, ,, , ,
Polo IV (1995-2001),Original ytelse,,trimmet,,Dreiemoment,,
 ,kW,hk,kW,hk,originalt,trimmet,
1.4 TDI (2000),55kW,75hk,74kW,100hk,195Nm,245Nm,
1.9 TDI,66kW,90hk,87kW,118hk,210Nm,265Nm,
1.6 GTI (1998-2000),88kW,120hk,100kW,134hk,148Nm,166Nm,
1.6 GTI 16V (2000),92kW,125hk,103kW,140hk,152Nm,170Nm,
 , ,, ,, , ,
Polo V (2001-2005),Original ytelse,,trimmet,,Dreiemoment,,
 ,kW,hk,kW,hk,originalt,trimmet,
"1,4 FSI (2000-...)",63kW,86hk,71kW,96hk,130Nm,148Nm,
1.4 TDI,51kW,70hk,70kW,95hk,155Nm,205Nm,
1.4 TDI,55kW,75hk,74kW,100hk,195Nm,245Nm,
1.4 TDI,59kW,80hk,81kW,110hk,195Nm,255Nm,
1.9 TDI,74kW,100hk,107kW,145hk,240Nm,280Nm,
1.9 TDI,77kW,105hk,107kW,145hk,250Nm,303Nm,
1.9 TDI,96kW,130hk,121kW,165hk,310Nm,400Nm,
 , ,, ,, , ,
Polo VI (2006-...),Original ytelse,,trimmet,,Dreiemoment,,
 ,kW,hk,kW,hk,originalt,trimmet,
1.4 TDI,51kW,70hk,70kW,95hk,155Nm,205Nm,
 , ,, ,, , ,
Polo (2009-...),Original ytelse,,trimmet,,Dreiemoment,,
 ,kW,hk,kW,hk,originalt,trimmet,
1.2 TSI (2010-..,63kW,86hk,97kW,132hk,175Nm,218Nm,
1.2 TFSI,77kW,105hk,97kW,132hk,175Nm,218Nm,
1.4 TSI GTI,132kW,180hk,151kW,205hk,250Nm,320Nm,
1.6 TDI,55kW,75hk,69kW,94hk,195Nm,235Nm,
1.6 TDI 5gir (2009-..),66kW,90hk,90kW,122hk,230Nm,275Nm,
1.6 TDI,77kW,105hk,97kW,132hk,250Nm,300Nm,
 , ,, ,, , ,
Beetle (Boble),Original ytelse,,trimmet,,Dreiemoment,,
 ,kW,hk,kW,hk,originalt,trimmet,
1.8 Turbo,110kW,150hk,140kW,195hk,210Nm,260Nm,
1.9 TDI 90hk før 2001,66kW,90hk,85kW,120hk,210Nm,251Nm,
1.9 TDI etter 2001,66kW,90hk,85kW,120hk,210Nm,251Nm,
1.9 TDI,74kW,100hk,99kW,135hk,240Nm,300Nm,
1.9 TDI,77kW,105hk,103kW,140hk,250Nm,310Nm,
 , ,, ,, , ,
Bora / Jetta / Vento (Se Golf),,, ,, ,,
 , ,, ,, , ,
Caddy,,, ,, ,,
1.9 TDI 2003-..,77kW,105hk,107kW,145hk,250Nm,303Nm,
2.0 SDI,51kW,69hk,58kW,79hk,140Nm,165Nm,
 , ,, ,, , ,
Crafter,Original ytelse,,trimmet,,Dreiemoment,,
 ,kW,hk,kW,hk,originalt,trimmet,
2.5 TDI,80kW,109hk,103kW,140hk,280Nm,365Nm,
2.5 TDI,100kW,136hk,122kW,166hk,300Nm,390Nm,
2.5 TDI,120kW,163hk,140kW,191hk,350Nm,450Nm,
 , ,, ,, , ,
Golf 3 (1992-1998),Original ytelse,,trimmet,,Dreiemoment,,
 ,kW,hk,kW,hk,originalt,trimmet,
BENSIN:, ,, ,, , ,
"1,4i", ,60hk, ,68hk,116Nm,130Nm,
"1,6i", ,75hk, ,85hk,130Nm,150Nm,
"1,6i", ,101hk, ,113hk,140Nm,160Nm,
"2,0 GTI 8V (92-94)", ,115hk, ,130hk,166Nm,186Nm,
"2,0 GTI 8V (94-96)", ,115hk, ,130hk,166Nm,186Nm,
"2,0 GTI 16V (93-97)", ,150hk, ,168hk,180Nm,208Nm,
"2,8 VR6 (92-97)", ,174hk, ,190hk,235Nm,263Nm,
DIESEL:, ,, ,, , ,
1.9 TD,55kW,75hk,66kW,90hk,150Nm,175Nm,
1.9 TDI,66kW,90hk,85kW,120hk,210Nm,251Nm,
1.9 TDI,81kW,110hk,106kW,148hk,235Nm,272Nm,
 , ,, ,, , ,
Golf 4 (1998-2004),Original ytelse,,trimmet,,Dreiemoment,,
 ,kW,hk,kW,hk,originalt,trimmet,
BENSIN:, , , , , , ,
"1,4i (98-00)Marelli", ,75hk, ,85hk,128Nm,148Nm,
"1,4i (00-04)Bosch", ,75hk, ,85hk,128Nm,148Nm,
"1,6i", ,101hk, ,113hk,145Nm,165Nm,
"1,6i", ,102hk, ,114hk,148Nm,168Nm,
"1,6i", ,105hk, ,117hk,148Nm,168Nm,
"1,6 FSI (00-04)", ,110hk, ,124hk,155Nm,180Nm,
1.8i (98-00),92kW,125hk,101kW,138hk,170Nm,190Nm,
1.8 Turbo (98-00),110kW,150hk,140kW,195hk,210Nm,260Nm,
1.8 Turbo,110kW,150hk,140kW,195hk,210Nm,260Nm,
1.8 GTI Turbo,132kW,180hk,154kW,225hk,235Nm,290Nm,
DIESEL:, ,, ,, , ,
1.9 TDI før 2001,66kW,90hk,85kW,120hk,210Nm,251Nm,
1.9 TDI etter 2001,66kW,90hk,85kW,120hk,210Nm,251Nm,
1.9 TDI,74kW,100hk,99kW,135hk,240Nm,300Nm,
1.9 TDI før 2001,81kW,110hk,106kW,145hk,235Nm,288Nm,
1.9 TDI etter 2001,81kW,110hk,106kW,145hk,235Nm,288Nm,
1.9 TDI,85kW,115hk,110kW,150hk,310Nm,360Nm,
1.9 TDI,96kW,130hk,121kW,165hk,310Nm,380Nm,
1.9 TDI,110kW,150hk,132kW,180hk,320Nm,380Nm,
 , ,, ,, , ,
Golf 5,Original ytelse,,trimmet,,Dreiemoment,,
 ,kW,hk,kW,hk,originalt,trimmet,
BENSIN:, , , , , , ,
1.4 TSI steg 1,103kW,140hk,140kW,190hk,220Nm,280Nm,
1.4 GT TSI,125kW,170hk,147kW,200hk,240Nm,300Nm,
"1,6i",75kW,102hk,84kW,114hk,148Nm,168Nm,
1.6 FSI,85kW,116hk,95kW,129hk,155Nm,173Nm,
2.0 FSI,110kW,150hk,125kW,169hk,200Nm,220Nm,
2.0 T FSI,147kW,200hk,184kW,250hk,280Nm,352Nm,
DIESEL:, , , , , , ,
1.9 TDI,66kW,90hk,95kW,130hk,210Nm,320Nm,
1.9 TDI,74kW,100hk,99kW,135hk,240Nm,300Nm,
1.9 TDI,77kW,105hk,107kW,145hk,250Nm,303Nm,
1.9 TDI,96kW,130hk,121kW,165hk,310Nm,405Nm,
2.0 SDI,51kW,69hk,60kW,81hk,140Nm,151Nm,
2.0 TDI,103kW,140hk,136kW,180hk,320Nm,410Nm,
2.0 TDI,125kW,170hk,150kW,205hk,350Nm,420Nm,
 , ,, ,, , ,
Golf 6,Original ytelse,,trimmet,,Dreiemoment,,
 ,kW,hk,kW,hk,originalt,trimmet,
BENSIN:, , , , , , ,
1.2 TSI (2010-..,63kW,86hk,97kW,132hk,175Nm,218Nm,
1.2 TFSI,77kW,105hk,97kW,132hk,175Nm,218Nm,
1.4 TSI,90kW,122hk,110kW,150hk,200Nm,260Nm,
1.4 TSI,118kW,160hk,143kW,195hk,240Nm,300Nm,
1.8 TSI,118kW,160hk,154kW,210hk,250Nm,320Nm,
2.0 TFSI,154kW,210hk,191kW,260hk,280Nm,390Nm,
2.0 TFSI,173kW,235hk,228kW,310hk,300Nm,420Nm,
2.0 R,198kW,270hk,228kW,310hk,350Nm,420Nm,
DIESEL:, , , , , , ,
1.6 TDI 5gir (2009-..),66kW,90hk,104kW,142hk,230Nm,315Nm,
1.6 TDI,77kW,105hk,104kW,142hk,250Nm,315Nm,
2.0 TDI 5gir (2009-..),81kW,110hk,132kW,180hk,250Nm,390Nm,
2.0 TDI 6gir,103kW,140hk,136kW,185hk,320Nm,400Nm,
2.0 TDI,125kW,170hk,147kW,200hk,35Nm,420Nm,
 , ,, ,, , ,
Passat IV (94-96),Original ytelse,,trimmet,,Dreiemoment,,
 ,kW,hk,kW,hk,originalt,trimmet,
B4 1.9 TD,55kW,75hk,ikke,mulig,150Nm, ,
B41.9 TDI,66kW,90hk,85kW,120hk,202Nm,251Nm,
B4 1.9 TDI,81kW,110hk,106kW,148hk,235Nm,272Nm,
 , ,, ,, , ,
Passat V (97-04),Original ytelse,,trimmet,,Dreiemoment,,
(B5 / B6),kW,hk,kW,hk,originalt,trimmet,
1.8 Turbo,110kW,150hk,140kW,195hk,210Nm,260Nm,
1.8 Turbo,110kW,150hk,140kW,195hk,210Nm,260Nm,
1.9 TDI før 2001,66kW,90hk,85kW,120hk,202Nm,251Nm,
1.9 TDI etter 2001,66kW,90hk,85kW,120hk,202Nm,251Nm,
1.9 TDI,74kW,100hk,99kW,135hk,240Nm,300Nm,
1.9 TDI før 2001,81kW,110hk,106kW,145hk,235Nm,288Nm,
1.9 TDI etter 2001,81kW,110hk,106kW,148hk,235Nm,288Nm,
1.9 TDI,85kW,115hk,110kW,150hk,285Nm,340Nm,
1.9 TDI,85kW,115hk,110kW,150hk,310Nm,360Nm,
1.9 TDI,96kW,130hk,121kW,165hk,310Nm,380Nm,
1.9 TDI,96kW,130hk,121kW,165hk,285Nm,360Nm,
2.0 TDI,100kW,136hk,129kW,175hk,335Nm,410Nm,
2.5 TDI,110kW,150hk,139kW,190hk,310Nm,400Nm,
2.5 TDI,120kW,163hk,140kW,190hk,350Nm,400Nm,
2.5 TDI,132kW,180hk,158kW,215hk,370Nm,430Nm,
 , ,, ,, , ,
Passat VI (2005-...),Original ytelse,,trimmet,,Dreiemoment,,
 ,kW,hk,kW,hk,originalt,trimmet,
BENSIN:, , , , , , ,
1.4 TSI,90kW,122hk,110kW,150hk,200Nm,260Nm,
1.4 TSI,118kW,160hk,143kW,195hk,240Nm,290Nm,
DIESEL:, , , , , , ,
1.6 TDI 5gir (2009-..),66kW,90hk,90kW,122hk,230Nm,275Nm,
1.6 TDI,77kW,105hk,97kW,132hk,250Nm,300Nm,
B7 1.9 TDI,77kW,105hk,107kW,145hk,250Nm,303Nm,
B7 2.0 TDI 5gir (2009-..),81kW,110hk,132kW,180hk,250Nm,4000Nm,
B7 2.0 TDI (2005),103kW,140hk,136kW,180hk,320Nm,410Nm,
B7 2.0 TDI (2006-08),103kW,140hk,136kW,180hk,320Nm,410Nm,
B7 2.0 TDI CR (2009-..),103kW,140hk,136kW,180hk,320Nm,410Nm,
B7 2.0 TDI (2006-08),120kW,163hk,140kW,190hk,350Nm,420Nm,
B7 2.0 TDI (2006-08),125kW,170hk,150kW,205hk,350Nm,420Nm,
B7 2.0 TDI CR (2009-..),125kW,170hk,150kW,205hk,350Nm,420Nm,
 , ,, ,, , ,
Phaeton,Original ytelse,,trimmet,,Dreiemoment,,
 ,kW,hk,kW,hk,originalt,trimmet,
3.0 TDI V6,165kW,225hk,198kW,270hk,450Nm,540Nm,
5.0 TDI V10,230kW,313hk,270kW,382hk,750Nm,910Nm,
 , ,, ,, , ,
Sharan,Original ytelse,,trimmet,,Dreiemoment,,
 ,kW,hk,kW,hk,originalt,trimmet,
1.8 Turbo,110kW,150hk,140kW,195hk,210Nm,260Nm,
1.9 TDI før 2001,66kW,90hk,85kW,120hk,202Nm,251Nm,
1.9 TDI etter 2001,66kW,90hk,85kW,120hk,202Nm,251Nm,
1.9 TDI før 2001,81kW,110hk,106kW,145hk,235Nm,288Nm,
1.9 TDI etter2001,81kW,110hk,106kW,145hk,235Nm,288Nm,
1.9 TDI,85kW,115hk,110kW,150hk,310Nm,365Nm,
1.9 TDI,96kW,130hk,118kW,160hk,310Nm,380Nm,
 , ,, ,, , ,
Tiguan,Original ytelse,,trimmet,,Dreiemoment,,
 ,kW,hk,kW,hk,originalt,trimmet,
BENSIN:, , , , , , ,
1.4 TSI,110kW,150hk,135kW,183hk,240Nm,310Nm,
2.0 TSI,125kW,170hk,148kW,202hk,280Nm,336Nm,
2.0 TSI,147kW,200hk,180kW,245hk,280Nm,376Nm,
DIESEL:, , , , , , ,
2.0 TDI,103kW,140hk,136kW,185hk,320Nm,400Nm,
2.0 TDI,125kW,170hk,147kW,200hk,35Nm,420Nm,
2.0 TDI fra 2010 mod,103kW,140hk,136kW,185hk,320Nm,400Nm,
2.0 TDI fra 2010 mod,125kW,170hk,147kW,200hk,35Nm,420Nm,
 , ,, ,, , ,
Touareg,Original ytelse,,trimmet,,Dreiemoment,,
 ,kW,hk,kW,hk,originalt,trimmet,
2.5 TDI,128kW,174hk,156kW,212hk,400Nm,483Nm,
3.0 TDI V6,155kW,211hk,198kW,270hk,500Nm,560Nm,
3.0 TDI V6,165kW,225hk,191kW,260hk,500Nm,570Nm,
3.0 TDI V6 før 2010 mod,176kW,240hk,212kW,290hk,550Nm,640Nm,
3.0 TDI V6 fra 2010 mod,176kW,240hk,222kW,302hk,550Nm,715Nm,
5.0 TDI V10,230kW,313hk,270kW,382hk,750Nm,910Nm,
 , ,, ,, , ,
Touran,Original ytelse,,trimmet,,Dreiemoment,,
 ,kW,hk,kW,hk,originalt,trimmet,
1.6 TDI,66kW,90hk,90kW,122hk,230Nm,275Nm,
1.6 TDI,77kW,105hk,97kW,132hk,250Nm,300Nm,
1.9 TDI,66kW,90hk,95kW,130hk,210Nm,300Nm,
1.9 TDI,74kW,100hk,96kW,145hk,250Nm,303Nm,
1.9 TDI,77kW,105hk,98kW,145hk,250Nm,303Nm,
2.0 TDI,100kW,136hk,132kW,180hk,320Nm,395Nm,
2.0 TDI,103kW,140hk,136kW,180hk,320Nm,410Nm,
2.0 TDI,125kW,170hk,150kW,205hk,350Nm,420Nm,
 , ,, ,, , ,
T4 Transp./Caravelle,Original ytelse,,trimmet,,Dreiemoment,,
 ,kW,hk,kW,hk,originalt,trimmet,
BENSIN:, ,, ,, , ,
2.8 VR6 96-00,kW,140hk,kW,157hk,Nm,Nm,
2.8 VR6 00-03,kW,140hk,kW,157hk,Nm,Nm,
DIESEL:, ,, ,, , ,
2.5 TDI før 2000,"(alle får samme data som etter 2000, men annen pris)",,,,,,
2.5 TDI 2000/2003,65kW,88hk,85kW,115hk,195Nm,240Nm,
2.5 TDI 2000/2003,75kW,102hk,98kW,133hk,250Nm,303Nm,
2.5 TDI 2000/2003,111kW,151hk,132kW,180hk,295Nm,350Nm,
 , ,, ,, , ,
T5 Transp. / Caravelle,Original ytelse,,trimmet,,Dreiemoment,,
 ,kW,hk,kW,hk,originalt,trimmet,
1.9 TDI,63kW,86hk,88kW,120hk,200Nm,250Nm,
1.9 TDI,77kW,105hk,107kW,145hk,250Nm,303Nm,
2.5 TDI,96kW,130hk,123kW,168hk,340Nm,415Nm,
2.5 TDI,128kW,174hk,156kW,212hk,400Nm,483Nm,
 , ,, ,, , ,
LT,Original ytelse,,trimmet,,Dreiemoment,,
 ,kW,hk,kW,hk,originalt,trimmet,
2.5 TDI,75kW,102hk,98kW,133hk,250Nm,310Nm,
2.5 TDI,80kW,109hk,103kW,141hk,300Nm,368Nm,
2.8 TDI,96kW,130hk,110kW,150hk,300Nm,350Nm,
2.8 TDI,116kW,158hk,132kW,180hk,331Nm,381Nm,
